{
  "dashboardAuthorizations": {
    "allAuthorized": false,
    "authorizations": [
      {
        "objectRef": {
          "objectId": "Store_Sales_per_day",
          "objectType": "DATASET"
        },
        "modes": [
          "READ"
        ]
      },
      {
        "objectRef": {
          "objectId": "Store_Sales_test_results",
          "objectType": "DATASET"
        },
        "modes": [
          "READ"
        ]
      },
      {
        "objectRef": {
          "objectId": "Store_Sales_per_day_enriched",
          "objectType": "DATASET"
        },
        "modes": [
          "READ"
        ]
      },
      {
        "objectRef": {
          "objectId": "DGIgt6tb",
          "objectType": "SAVED_MODEL"
        },
        "modes": [
          "READ"
        ]
      },
      {
        "objectRef": {
          "objectId": "R_Forecast_results",
          "objectType": "DATASET"
        },
        "modes": [
          "READ"
        ]
      },
      {
        "objectRef": {
          "objectId": "Store_Sales_forecast_results",
          "objectType": "DATASET"
        },
        "modes": [
          "READ"
        ]
      },
      {
        "objectRef": {
          "objectId": "Store_Sales_forecast_scored",
          "objectType": "DATASET"
        },
        "modes": [
          "READ"
        ]
      },
      {
        "objectRef": {
          "objectId": "REFRESHFORECAST",
          "objectType": "SCENARIO"
        },
        "modes": [
          "RUN"
        ]
      }
    ]
  },
  "exposedObjects": {
    "objects": []
  },
  "projectType": "REGULAR",
  "projectAppType": "REGULAR",
  "bundleExporterSettings": {
    "exportOptions": {
      "exportUploads": false,
      "exportManagedFS": false,
      "exportAnalysisModels": false,
      "exportSavedModels": false,
      "exportManagedFolders": false,
      "exportModelEvaluationStores": false,
      "exportAllInputDatasets": false,
      "exportAllDatasets": false,
      "exportAllInputManagedFolders": false,
      "exportGitRepository": false,
      "exportInsightsData": false,
      "useManualPluginsInfo": false,
      "includedDatasetsData": [
        {
          "name": "Store_Sales_imp"
        }
      ],
      "includedSavedModels": [
        {
          "id": "DGIgt6tb"
        }
      ],
      "includedModelEvaluationStores": [],
      "includedManagedFolders": [],
      "shareAllInputDatasets": false
    }
  },
  "owner": "ludo",
  "permissionsVersion": "LEGACY",
  "permissions": [],
  "additionalDashboardUsers": {
    "users": []
  },
  "tutorialProject": false,
  "settings": {
    "flowAnchorSourcesAndSinks": true,
    "flowDisplaySettings": {
      "zonesGraphRenderingAlgorithm": "DOT_OLDRANK",
      "zonesGraphConnectZones": true
    },
    "gitCommitMode": "AUTO",
    "disableAutomaticTriggers": false,
    "integrations": {
      "integrations": []
    },
    "flowBuildSettings": {
      "mergeSparkPipelines": false,
      "pruneBeforeSparkPipelines": true,
      "mergeSqlPipelines": false,
      "pruneBeforeSqlPipelines": true
    },
    "limitsSettings": {
      "memSampleBytes": {
        "soft": -1,
        "hard": -1
      },
      "shakerMemTableBytes": {
        "soft": -1,
        "hard": -1
      },
      "attachmentBytes": {
        "soft": -1,
        "hard": -1
      }
    },
    "relocationSettings": {
      "sqlLikeRecipesInitializationMode": "RESOLVED_TABLE_REFERENCES"
    },
    "recipeEnginesPreferences": {
      "forbiddenEngines": [],
      "enginesPreferenceOrder": [],
      "forbiddenByRecipeType": {},
      "preferenceByRecipeType": {}
    },
    "codeEnvs": {
      "python": {
        "mode": "INHERIT",
        "preventOverride": false
      },
      "r": {
        "mode": "INHERIT",
        "preventOverride": false
      },
      "julia": {
        "mode": "INHERIT",
        "preventOverride": false
      }
    },
    "container": {
      "containerMode": "NONE"
    },
    "datasetsCreationSettings": {
      "useGlobal": true,
      "preferedStorageFormats": "CSV_ESCAPING_NOGZIP_FORHIVE,CSV_EXCEL_GZIP,PARQUET_HIVE",
      "virtualizable": false,
      "allowUploadsWithoutConnection": true
    },
    "hiveEngineCreationSettings": {
      "useGlobal": true,
      "executionEngine": "HIVECLI_LOCAL"
    },
    "sparkEngineCreationSettings": {
      "useGlobal": true,
      "executionEngine": "SPARK_SUBMIT",
      "useGlobalMetastore": false
    },
    "impalaEngineCreationSettings": {
      "useGlobal": true,
      "streamMode": true
    },
    "wikiSettings": {
      "promoted": false
    },
    "cluster": {
      "clusterMode": "INHERIT"
    },
    "k8sCluster": {
      "clusterMode": "INHERIT"
    },
    "virtualWebAppBackendSettings": {
      "mode": "INHERIT",
      "preventOverride": false,
      "infra": {
        "containerSelection": {
          "containerMode": "INHERIT"
        },
        "overrideGlobalK8sExposition": false,
        "exposition": {
          "type": "local_process",
          "params": {}
        },
        "scaling": {
          "initialReplicas": 1,
          "hpa": false,
          "hpaTargetCPUPercent": 0,
          "hpaMetrics": [],
          "hpaMinPods": 0,
          "hpaMaxPods": 0,
          "hpaAnnotations": []
        },
        "deploymentModifier": {}
      }
    },
    "dkuProperties": []
  },
  "name": "Sales Forecasting",
  "imgPattern": 1,
  "showInitials": false,
  "metrics": {
    "probes": [],
    "engineConfig": {
      "padRunsWithMetrics": false,
      "hive": {
        "active": true,
        "extraConf": []
      },
      "basic": {},
      "dss": {
        "active": true,
        "selection": {
          "useMemTable": false,
          "filter": {
            "distinct": false,
            "enabled": false
          },
          "partitionSelectionMethod": "ALL",
          "latestPartitionsN": 1,
          "ordering": {
            "enabled": false,
            "rules": []
          },
          "samplingMethod": "FULL",
          "maxRecords": -1,
          "targetRatio": 0.02,
          "withinFirstN": -1,
          "maxReadUncompressedBytes": -1
        }
      },
      "sql": {
        "active": true
      },
      "impala": {
        "active": true
      },
      "spark": {
        "active": true,
        "extraConf": []
      },
      "python": {}
    },
    "displayedState": {
      "columns": [],
      "metrics": []
    }
  },
  "metricsChecks": {
    "runOnBuild": false,
    "checks": [],
    "displayedState": {
      "checks": []
    }
  },
  "versionTag": {
    "versionNumber": 53,
    "lastModifiedBy": {
      "login": "ludo"
    },
    "lastModifiedOn": 1643287544312
  },
  "creationTag": {
    "versionNumber": 0,
    "lastModifiedBy": {
      "login": "ludo"
    },
    "lastModifiedOn": 1591652307198
  },
  "description": "This \u003ci class\u003d\"icon-dkubird\" /\u003e **DSS** projects highlights how the solution can hrlp managing Times Series analysis and Forecasting.\n\nIt shows :\n- How to develop Univariate Forecasting using the DSS plugins\n- How to deploy an automated approach based on collaboration between data analysts and datascientists",
  "shortDesc": "This project shows how Dataiku-DSS can help managing Time-Series Forecasting use cases",
  "tags": [
    "Features:Notebook template",
    "Features:Partitionning",
    "Features:Static Insights",
    "Features:Stratified Models",
    "Features:Time Series Plugin",
    "Features:Window Recipe",
    "Departments:Sales",
    "Use Cases:Sales Forecasting",
    "Industry:Retail",
    "Persona:Data Analyst",
    "Persona:Data Scientist"
  ],
  "customFields": {
    "gdpr_forbid_dataset_export": false,
    "gdpr_forbid_dataset_sharing": false,
    "gdpr_forbid_model_creation": false,
    "gdpr_forbid_uploaded_datasets": false
  },
  "checklists": {
    "checklists": [
      {
        "id": "2ace82",
        "title": "Forecasting project",
        "createdOn": 0,
        "items": [
          {
            "done": true,
            "text": "Get Sales Data from operating systems",
            "createdOn": 1591738996264,
            "createdBy": "ludo",
            "stateChangedOn": 0
          },
          {
            "done": true,
            "text": "Prepare and Cleanse data",
            "createdOn": 1591739015342,
            "createdBy": "ludo",
            "stateChangedOn": 0
          },
          {
            "done": true,
            "text": "Develop a Forecasting model based on the Time Series PlugIn",
            "createdOn": 1591739076246,
            "createdBy": "ludo",
            "stateChangedOn": 0
          },
          {
            "done": true,
            "text": "Develop a Visual Feature Engineering for Time Series analytics",
            "createdOn": 1591739097925,
            "createdBy": "ludo",
            "stateChangedOn": 0
          },
          {
            "done": false,
            "text": "Deploy a stratified model",
            "createdOn": 1591739187542,
            "createdBy": "ludo",
            "stateChangedOn": 0
          },
          {
            "done": false,
            "text": "Operate the analysis delivery",
            "createdOn": 1591739206625,
            "createdBy": "ludo",
            "stateChangedOn": 0
          }
        ]
      }
    ]
  }
}