{
  "tags": {
    "charts": {},
    "time-series": {},
    "static_insights": {},
    "Departments:Sales": {},
    "Machine Learning": {},
    "retail": {},
    "Features:Partitionning": {},
    "imported": {
      "color": "#263238"
    },
    "Industry:Retail": {},
    "Features:Notebook template": {},
    "Features:Time Series Plugin": {},
    "window recipe": {},
    "Features:Window Recipe": {},
    "forecasting": {},
    "Features:Static Insights": {},
    "Input Data": {},
    "stratified models": {},
    "features engineering": {},
    "data preparation": {},
    "Features:Stratified Models": {},
    "notebooks": {},
    "information delivery": {},
    "partitioning": {},
    "forecasting process": {},
    "Use Cases:Sales Forecasting": {},
    "Persona:Data Analyst": {},
    "Persona:Data Scientist": {}
  }
}