{
  "dashboardAuthorizations": {
    "allAuthorized": false,
    "authorizations": [
      {
        "objectRef": {
          "objectId": "Employees_Simu",
          "objectType": "DATASET"
        },
        "modes": [
          "READ"
        ]
      },
      {
        "objectRef": {
          "objectId": "REFRESHDASHBOARD",
          "objectType": "SCENARIO"
        },
        "modes": [
          "RUN"
        ]
      },
      {
        "objectRef": {
          "objectId": "Employees_simulation",
          "objectType": "DATASET"
        },
        "modes": [
          "READ"
        ]
      },
      {
        "objectRef": {
          "objectId": "DvKC7pM",
          "objectType": "WEB_APP"
        },
        "modes": [
          "READ"
        ]
      }
    ]
  },
  "exposedObjects": {
    "objects": []
  },
  "projectType": "REGULAR",
  "projectAppType": "REGULAR",
  "bundleExporterSettings": {
    "exportOptions": {
      "exportUploads": false,
      "exportManagedFS": false,
      "exportAnalysisModels": false,
      "exportSavedModels": false,
      "exportManagedFolders": false,
      "exportModelEvaluationStores": false,
      "exportAllInputDatasets": false,
      "exportAllDatasets": false,
      "exportAllInputManagedFolders": false,
      "exportGitRepository": false,
      "exportInsightsData": false,
      "useManualPluginsInfo": false,
      "includedDatasetsData": [
        {
          "name": "Employees",
          "type": "UploadedFiles"
        },
        {
          "name": "Calendar",
          "type": "UploadedFiles"
        }
      ],
      "includedSavedModels": [],
      "includedModelEvaluationStores": [],
      "includedManagedFolders": [],
      "shareAllInputDatasets": false
    }
  },
  "owner": "ludo",
  "permissionsVersion": "LEGACY",
  "permissions": [],
  "additionalDashboardUsers": {
    "users": []
  },
  "tutorialProject": false,
  "settings": {
    "flowAnchorSourcesAndSinks": true,
    "flowDisplaySettings": {
      "zonesGraphRenderingAlgorithm": "DOT_OLDRANK",
      "zonesGraphConnectZones": true
    },
    "gitCommitMode": "AUTO",
    "disableAutomaticTriggers": false,
    "integrations": {
      "integrations": []
    },
    "flowBuildSettings": {
      "mergeSparkPipelines": false,
      "pruneBeforeSparkPipelines": true,
      "mergeSqlPipelines": false,
      "pruneBeforeSqlPipelines": true
    },
    "limitsSettings": {
      "memSampleBytes": {
        "soft": -1,
        "hard": -1
      },
      "shakerMemTableBytes": {
        "soft": -1,
        "hard": -1
      },
      "attachmentBytes": {
        "soft": -1,
        "hard": -1
      }
    },
    "relocationSettings": {
      "sqlLikeRecipesInitializationMode": "RESOLVED_TABLE_REFERENCES"
    },
    "recipeEnginesPreferences": {
      "forbiddenEngines": [],
      "enginesPreferenceOrder": [],
      "forbiddenByRecipeType": {},
      "preferenceByRecipeType": {}
    },
    "codeEnvs": {
      "python": {
        "mode": "INHERIT",
        "preventOverride": false
      },
      "r": {
        "mode": "INHERIT",
        "preventOverride": false
      },
      "julia": {
        "mode": "INHERIT",
        "preventOverride": false
      }
    },
    "container": {
      "containerMode": "INHERIT"
    },
    "datasetsCreationSettings": {
      "useGlobal": true,
      "preferedStorageFormats": "CSV_ESCAPING_NOGZIP_FORHIVE,CSV_EXCEL_GZIP,PARQUET_HIVE",
      "virtualizable": false,
      "allowUploadsWithoutConnection": true
    },
    "hiveEngineCreationSettings": {
      "useGlobal": true,
      "executionEngine": "HIVECLI_LOCAL"
    },
    "sparkEngineCreationSettings": {
      "useGlobal": true,
      "executionEngine": "SPARK_SUBMIT",
      "useGlobalMetastore": false
    },
    "impalaEngineCreationSettings": {
      "useGlobal": true,
      "streamMode": true
    },
    "wikiSettings": {
      "promoted": false
    },
    "cluster": {
      "clusterMode": "INHERIT"
    },
    "k8sCluster": {
      "clusterMode": "INHERIT"
    },
    "virtualWebAppBackendSettings": {
      "mode": "INHERIT",
      "preventOverride": false,
      "infra": {
        "containerSelection": {
          "containerMode": "INHERIT"
        },
        "overrideGlobalK8sExposition": false,
        "exposition": {
          "type": "local_process",
          "params": {}
        },
        "scaling": {
          "initialReplicas": 1,
          "hpa": false,
          "hpaTargetCPUPercent": 0,
          "hpaMetrics": [],
          "hpaMinPods": 0,
          "hpaMaxPods": 0,
          "hpaAnnotations": []
        },
        "deploymentModifier": {}
      }
    },
    "dkuProperties": []
  },
  "name": "HR - Staff Cost Modeling",
  "imgPattern": 5,
  "showInitials": false,
  "metrics": {
    "probes": [],
    "engineConfig": {
      "padRunsWithMetrics": false,
      "hive": {
        "active": true,
        "extraConf": []
      },
      "basic": {},
      "dss": {
        "active": true,
        "selection": {
          "useMemTable": false,
          "filter": {
            "distinct": false,
            "enabled": false
          },
          "partitionSelectionMethod": "ALL",
          "latestPartitionsN": 1,
          "ordering": {
            "enabled": false,
            "rules": []
          },
          "samplingMethod": "FULL",
          "maxRecords": -1,
          "targetRatio": 0.02,
          "withinFirstN": -1,
          "maxReadUncompressedBytes": -1
        }
      },
      "sql": {
        "active": true
      },
      "impala": {
        "active": true
      },
      "spark": {
        "active": true,
        "extraConf": []
      },
      "python": {}
    },
    "displayedState": {
      "columns": [],
      "metrics": []
    }
  },
  "metricsChecks": {
    "runOnBuild": false,
    "checks": [],
    "displayedState": {
      "checks": []
    }
  },
  "versionTag": {
    "versionNumber": 43,
    "lastModifiedBy": {
      "login": "ludo"
    },
    "lastModifiedOn": 1643287665866
  },
  "creationTag": {
    "versionNumber": 0,
    "lastModifiedBy": {
      "login": "ludo"
    },
    "lastModifiedOn": 1611161494595
  },
  "description": "HR Staff Cost Modeling\n----\n\nThe goal of this project is to illustrate how the Finance Team of an organization can use DSS to perform some What-If analysis and projections.\n\nFrom this project it is possible to :\n- Edit a Dataset\n- Run a What-If Scenario from a Dashboard\n- Manipulate a Dataset with an interactive Pivot Table",
  "shortDesc": "The goal of this project is to illustrate how a HR team can simulate and model Staff Costs based on What-If Scenarios\nThe project *COPYOFHRSTAFFCOSTMODELING* was copied from *HRSTAFFCOSTMODELING* by Ludovic on avr. 11th 2021",
  "tags": [
    "Features:WebApps",
    "Features:Editable Datasets",
    "Industry:All Industries",
    "Departments:HR",
    "Persona:Data Analyst",
    "Use Cases:Budgets and Simulatuons"
  ],
  "customFields": {
    "gdpr_forbid_dataset_sharing": false,
    "gdpr_forbid_dataset_export": false,
    "gdpr_forbid_model_creation": false,
    "gdpr_forbid_uploaded_datasets": false
  },
  "checklists": {
    "checklists": [
      {
        "id": "9e575a",
        "title": "List of Developments",
        "createdOn": 0,
        "items": [
          {
            "done": true,
            "text": "Import Datasets",
            "createdOn": 1618127694512,
            "createdBy": "lblusseau",
            "stateChangedOn": 0
          },
          {
            "done": true,
            "text": "Build What-if Dashboard",
            "createdOn": 1618127708889,
            "createdBy": "lblusseau",
            "stateChangedOn": 0
          },
          {
            "done": true,
            "text": "Build Dash App",
            "createdOn": 1618127714465,
            "createdBy": "lblusseau",
            "stateChangedOn": 0
          },
          {
            "done": true,
            "text": "Setup Scenarios",
            "createdOn": 1618127724714,
            "createdBy": "lblusseau",
            "stateChangedOn": 0
          },
          {
            "done": false,
            "text": "Test the project",
            "createdOn": 1618127731935,
            "createdBy": "lblusseau",
            "stateChangedOn": 0
          },
          {
            "done": false,
            "text": "Create Ref Bundle",
            "createdOn": 1618127744482,
            "createdBy": "lblusseau",
            "stateChangedOn": 0
          },
          {
            "done": false,
            "text": "Transform the project to a Dataiku-application",
            "createdOn": 1618127758158,
            "createdBy": "lblusseau",
            "stateChangedOn": 0
          }
        ]
      }
    ]
  }
}