{
  "trainedWithDSSVersion": "7.0.0",
  "backend": "PY_MEMORY",
  "isValid": true,
  "type": "REGRESSION",
  "algorithm_name": "GRADIENT_BOOSTING_REGRESSOR",
  "columns": [
    "amount_lag1",
    "amount_lag2",
    "amount_lag3",
    "d10_amount_avg",
    "d10_quantity_avg",
    "d3_amound_avg",
    "d3_quantity_avg",
    "m1_amount_avg",
    "m1_quantity_avg",
    "transaction_date_daynum",
    "transaction_date_dayofweek",
    "transaction_date_monthnum",
    "y1_amount_avg",
    "y1_quantity_avg",
    "NUM_DERIVATIVE:d3_amound_avg^2",
    "NUM_DERIVATIVE:sqrt(d3_amound_avg)",
    "NUM_DERIVATIVE:log(d3_amound_avg)"
  ],
  "partitions": [
    "M03",
    "MM4",
    "M07",
    "MV3",
    "M46",
    "MS4"
  ],
  "partitioning": [
    "entity"
  ]
}