{
  "states": {
    "REUSED_PENDING": 0,
    "REUSED_RUNNING": 0,
    "REUSED_DONE": 6
  },
  "summaries": {
    "M03": {
      "snippet": {
        "fullModelId": "S-SALESFORECASTING_V2-DGIgt6tb-initial-part-M03-v1",
        "algorithm": "XGBOOST_REGRESSION",
        "trainInfo": {
          "state": "DONE",
          "preSearchDescription": {
            "gridLength": 1,
            "importantParams": [
              {
                "name": "trees",
                "val": "300"
              },
              {
                "name": "max_depth",
                "vals": [
                  "3"
                ]
              }
            ]
          },
          "postSearchDescription": {
            "importantParams": [
              {
                "name": "trees",
                "val": "22"
              },
              {
                "name": "max_depth",
                "val": "3"
              }
            ]
          },
          "timeOrderingEnabled": false,
          "sampleWeightsEnabled": false,
          "modelId": "m1",
          "progress": {
            "top_level_todo": [],
            "stack": [],
            "top_level_done": [
              {
                "name": "Loading train set",
                "time": 20
              },
              {
                "name": "Loading test set",
                "time": 12
              },
              {
                "name": "Collecting statistics",
                "time": 13
              },
              {
                "name": "Preprocessing train set",
                "time": 30
              },
              {
                "name": "Preprocessing test set",
                "time": 22
              },
              {
                "name": "Fitting model",
                "time": 1051
              },
              {
                "name": "Saving model",
                "time": 2
              },
              {
                "name": "Scoring model",
                "time": 34
              }
            ]
          },
          "startTime": 1591734491135,
          "endTime": 1591734492323,
          "preprocessingTime": 100,
          "trainingTime": 1088,
          "fullRows": 0,
          "trainRows": 531,
          "testRows": 137
        },
        "userMeta": {
          "description": "",
          "name": "XGBoost",
          "starred": false,
          "clusterMetas": {},
          "customMeta": {
            "kv": {}
          },
          "tags": [],
          "activeClassifierThreshold": 0.0
        },
        "backendType": "PY_MEMORY",
        "sessionId": "s3",
        "sessionDate": 1591734492326,
        "sampleWeightsEnabled": false,
        "trainDate": 1591734492323,
        "topImportance": [
          {
            "s": "transaction_date_dayofweek",
            "d": 0.25333333015441895
          },
          {
            "s": "amount_lag1",
            "d": 0.18666666746139526
          },
          {
            "s": "d10_amount_avg",
            "d": 0.08666666597127914
          },
          {
            "s": "amount_lag2",
            "d": 0.06666667014360428
          },
          {
            "s": "transaction_date_daynum",
            "d": 0.05999999865889549
          },
          {
            "s": "amount_lag3",
            "d": 0.0533333346247673
          },
          {
            "s": "d3_quantity_avg",
            "d": 0.046666666865348816
          },
          {
            "s": "m1_quantity_avg",
            "d": 0.03999999910593033
          },
          {
            "s": "d3_amound_avg",
            "d": 0.03999999910593033
          },
          {
            "s": "y1_amount_avg",
            "d": 0.03333333507180214
          }
        ],
        "gridLength": 0,
        "pluginAlgoCustomGridSearch": false,
        "partitionedModelEnabled": true,
        "partitionName": "M03",
        "r2": 0.7266205074785588,
        "r2std": 0.0,
        "evs": 0.7266699132329257,
        "evsstd": 0.0,
        "mape": 0.22382732370354894,
        "mae": 39526.672616332115,
        "maestd": 0.0,
        "mse": 2.6579222710007124E9,
        "msestd": 0.0,
        "rmse": 51555.04117931351,
        "rmsestd": 0.0,
        "rmsle": 0.2637198803959573,
        "rmslestd": 0.0,
        "pearson": 0.8525010387925255,
        "pearsonstd": 0.0,
        "customScorestd": 0.0
      },
      "state": "REUSED_DONE"
    },
    "MM4": {
      "snippet": {
        "fullModelId": "S-SALESFORECASTING_V2-DGIgt6tb-initial-part-MM4-v1",
        "algorithm": "XGBOOST_REGRESSION",
        "trainInfo": {
          "state": "DONE",
          "preSearchDescription": {
            "gridLength": 1,
            "importantParams": [
              {
                "name": "trees",
                "val": "300"
              },
              {
                "name": "max_depth",
                "vals": [
                  "3"
                ]
              }
            ]
          },
          "postSearchDescription": {
            "importantParams": [
              {
                "name": "trees",
                "val": "21"
              },
              {
                "name": "max_depth",
                "val": "3"
              }
            ]
          },
          "timeOrderingEnabled": false,
          "sampleWeightsEnabled": false,
          "modelId": "m1",
          "progress": {
            "top_level_todo": [],
            "stack": [],
            "top_level_done": [
              {
                "name": "Loading train set",
                "time": 20
              },
              {
                "name": "Loading test set",
                "time": 12
              },
              {
                "name": "Collecting statistics",
                "time": 13
              },
              {
                "name": "Preprocessing train set",
                "time": 32
              },
              {
                "name": "Preprocessing test set",
                "time": 23
              },
              {
                "name": "Fitting model",
                "time": 1053
              },
              {
                "name": "Saving model",
                "time": 2
              },
              {
                "name": "Scoring model",
                "time": 61
              }
            ]
          },
          "startTime": 1591734493740,
          "endTime": 1591734494958,
          "preprocessingTime": 101,
          "trainingTime": 1117,
          "fullRows": 0,
          "trainRows": 531,
          "testRows": 137
        },
        "userMeta": {
          "description": "",
          "name": "XGBoost",
          "starred": false,
          "clusterMetas": {},
          "customMeta": {
            "kv": {}
          },
          "tags": [],
          "activeClassifierThreshold": 0.0
        },
        "backendType": "PY_MEMORY",
        "sessionId": "s3",
        "sessionDate": 1591734494966,
        "sampleWeightsEnabled": false,
        "trainDate": 1591734494958,
        "topImportance": [
          {
            "s": "amount_lag1",
            "d": 0.26530614495277405
          },
          {
            "s": "transaction_date_dayofweek",
            "d": 0.23129253089427948
          },
          {
            "s": "d10_amount_avg",
            "d": 0.0952381044626236
          },
          {
            "s": "d3_quantity_avg",
            "d": 0.07482993602752686
          },
          {
            "s": "d10_quantity_avg",
            "d": 0.05442177131772041
          },
          {
            "s": "amount_lag3",
            "d": 0.05442177131772041
          },
          {
            "s": "y1_amount_avg",
            "d": 0.040816329419612885
          },
          {
            "s": "transaction_date_daynum",
            "d": 0.040816329419612885
          },
          {
            "s": "m1_amount_avg",
            "d": 0.040816329419612885
          },
          {
            "s": "amount_lag2",
            "d": 0.040816329419612885
          }
        ],
        "gridLength": 0,
        "pluginAlgoCustomGridSearch": false,
        "partitionedModelEnabled": true,
        "partitionName": "MM4",
        "r2": 0.7227597411617335,
        "r2std": 0.0,
        "evs": 0.7249963115203151,
        "evsstd": 0.0,
        "mape": 0.2505440387607754,
        "mae": 29970.25316491788,
        "maestd": 0.0,
        "mse": 1.7361763456379461E9,
        "msestd": 0.0,
        "rmse": 41667.44947363524,
        "rmsestd": 0.0,
        "rmsle": 0.29307273348440027,
        "rmslestd": 0.0,
        "pearson": 0.8547618104936449,
        "pearsonstd": 0.0,
        "customScorestd": 0.0
      },
      "state": "REUSED_DONE"
    },
    "M07": {
      "snippet": {
        "fullModelId": "S-SALESFORECASTING_V2-DGIgt6tb-initial-part-M07-v1",
        "algorithm": "XGBOOST_REGRESSION",
        "trainInfo": {
          "state": "DONE",
          "preSearchDescription": {
            "gridLength": 1,
            "importantParams": [
              {
                "name": "trees",
                "val": "300"
              },
              {
                "name": "max_depth",
                "vals": [
                  "3"
                ]
              }
            ]
          },
          "postSearchDescription": {
            "importantParams": [
              {
                "name": "trees",
                "val": "29"
              },
              {
                "name": "max_depth",
                "val": "3"
              }
            ]
          },
          "timeOrderingEnabled": false,
          "sampleWeightsEnabled": false,
          "modelId": "m1",
          "progress": {
            "top_level_todo": [],
            "stack": [],
            "top_level_done": [
              {
                "name": "Loading train set",
                "time": 20
              },
              {
                "name": "Loading test set",
                "time": 11
              },
              {
                "name": "Collecting statistics",
                "time": 12
              },
              {
                "name": "Preprocessing train set",
                "time": 30
              },
              {
                "name": "Preprocessing test set",
                "time": 24
              },
              {
                "name": "Fitting model",
                "time": 1056
              },
              {
                "name": "Saving model",
                "time": 2
              },
              {
                "name": "Scoring model",
                "time": 34
              }
            ]
          },
          "startTime": 1591734498940,
          "endTime": 1591734500130,
          "preprocessingTime": 98,
          "trainingTime": 1092,
          "fullRows": 0,
          "trainRows": 531,
          "testRows": 137
        },
        "userMeta": {
          "description": "",
          "name": "XGBoost",
          "starred": false,
          "clusterMetas": {},
          "customMeta": {
            "kv": {}
          },
          "tags": [],
          "activeClassifierThreshold": 0.0
        },
        "backendType": "PY_MEMORY",
        "sessionId": "s3",
        "sessionDate": 1591734500134,
        "sampleWeightsEnabled": false,
        "trainDate": 1591734500130,
        "topImportance": [
          {
            "s": "transaction_date_dayofweek",
            "d": 0.1865285038948059
          },
          {
            "s": "amount_lag1",
            "d": 0.1606217622756958
          },
          {
            "s": "d3_quantity_avg",
            "d": 0.12953367829322815
          },
          {
            "s": "amount_lag3",
            "d": 0.06735751032829285
          },
          {
            "s": "transaction_date_daynum",
            "d": 0.062176164239645004
          },
          {
            "s": "d10_amount_avg",
            "d": 0.062176164239645004
          },
          {
            "s": "amount_lag2",
            "d": 0.062176164239645004
          },
          {
            "s": "NUM_DERIVATIVE:log(d3_amound_avg)",
            "d": 0.05181347206234932
          },
          {
            "s": "d3_amound_avg",
            "d": 0.05181347206234932
          },
          {
            "s": "d10_quantity_avg",
            "d": 0.04663212597370148
          }
        ],
        "gridLength": 0,
        "pluginAlgoCustomGridSearch": false,
        "partitionedModelEnabled": true,
        "partitionName": "M07",
        "r2": 0.6955085394621401,
        "r2std": 0.0,
        "evs": 0.6970339881224119,
        "evsstd": 0.0,
        "mape": 0.18972149635054647,
        "mae": 61275.776155717766,
        "maestd": 0.0,
        "mse": 6.809425833398311E9,
        "msestd": 0.0,
        "rmse": 82519.24523042071,
        "rmsestd": 0.0,
        "rmsle": 0.24448236219391348,
        "rmslestd": 0.0,
        "pearson": 0.8352415972354528,
        "pearsonstd": 0.0,
        "customScorestd": 0.0
      },
      "state": "REUSED_DONE"
    },
    "MV3": {
      "snippet": {
        "fullModelId": "S-SALESFORECASTING_V2-DGIgt6tb-initial-part-MV3-v1",
        "algorithm": "XGBOOST_REGRESSION",
        "trainInfo": {
          "state": "DONE",
          "preSearchDescription": {
            "gridLength": 1,
            "importantParams": [
              {
                "name": "trees",
                "val": "300"
              },
              {
                "name": "max_depth",
                "vals": [
                  "3"
                ]
              }
            ]
          },
          "postSearchDescription": {
            "importantParams": [
              {
                "name": "trees",
                "val": "18"
              },
              {
                "name": "max_depth",
                "val": "3"
              }
            ]
          },
          "timeOrderingEnabled": false,
          "sampleWeightsEnabled": false,
          "modelId": "m1",
          "progress": {
            "top_level_todo": [],
            "stack": [],
            "top_level_done": [
              {
                "name": "Loading train set",
                "time": 19
              },
              {
                "name": "Loading test set",
                "time": 11
              },
              {
                "name": "Collecting statistics",
                "time": 14
              },
              {
                "name": "Preprocessing train set",
                "time": 30
              },
              {
                "name": "Preprocessing test set",
                "time": 25
              },
              {
                "name": "Fitting model",
                "time": 1051
              },
              {
                "name": "Saving model",
                "time": 3
              },
              {
                "name": "Scoring model",
                "time": 41
              }
            ]
          },
          "startTime": 1591734501467,
          "endTime": 1591734502664,
          "preprocessingTime": 101,
          "trainingTime": 1096,
          "fullRows": 0,
          "trainRows": 531,
          "testRows": 137
        },
        "userMeta": {
          "description": "",
          "name": "XGBoost",
          "starred": false,
          "clusterMetas": {},
          "customMeta": {
            "kv": {}
          },
          "tags": [],
          "activeClassifierThreshold": 0.0
        },
        "backendType": "PY_MEMORY",
        "sessionId": "s3",
        "sessionDate": 1591734502670,
        "sampleWeightsEnabled": false,
        "trainDate": 1591734502664,
        "topImportance": [
          {
            "s": "transaction_date_dayofweek",
            "d": 0.24166665971279144
          },
          {
            "s": "amount_lag1",
            "d": 0.19166666269302368
          },
          {
            "s": "amount_lag2",
            "d": 0.09166666865348816
          },
          {
            "s": "d10_amount_avg",
            "d": 0.07500000298023224
          },
          {
            "s": "d3_amound_avg",
            "d": 0.06666667014360428
          },
          {
            "s": "d3_quantity_avg",
            "d": 0.05833333358168602
          },
          {
            "s": "amount_lag3",
            "d": 0.05833333358168602
          },
          {
            "s": "d10_quantity_avg",
            "d": 0.05000000074505806
          },
          {
            "s": "y1_amount_avg",
            "d": 0.0416666679084301
          },
          {
            "s": "transaction_date_daynum",
            "d": 0.0416666679084301
          }
        ],
        "gridLength": 0,
        "pluginAlgoCustomGridSearch": false,
        "partitionedModelEnabled": true,
        "partitionName": "MV3",
        "r2": 0.7027440356195052,
        "r2std": 0.0,
        "evs": 0.7029276151680233,
        "evsstd": 0.0,
        "mape": 0.5925760016400161,
        "mae": 8324.940479584853,
        "maestd": 0.0,
        "mse": 1.5720686087741253E8,
        "msestd": 0.0,
        "rmse": 12538.216016539694,
        "rmsestd": 0.0,
        "rmsle": 0.5524740089458238,
        "rmslestd": 0.0,
        "pearson": 0.8508678417163951,
        "pearsonstd": 0.0,
        "customScorestd": 0.0
      },
      "state": "REUSED_DONE"
    },
    "M46": {
      "snippet": {
        "fullModelId": "S-SALESFORECASTING_V2-DGIgt6tb-initial-part-M46-v1",
        "algorithm": "XGBOOST_REGRESSION",
        "trainInfo": {
          "state": "DONE",
          "preSearchDescription": {
            "gridLength": 1,
            "importantParams": [
              {
                "name": "trees",
                "val": "300"
              },
              {
                "name": "max_depth",
                "vals": [
                  "3"
                ]
              }
            ]
          },
          "postSearchDescription": {
            "importantParams": [
              {
                "name": "trees",
                "val": "19"
              },
              {
                "name": "max_depth",
                "val": "3"
              }
            ]
          },
          "timeOrderingEnabled": false,
          "sampleWeightsEnabled": false,
          "modelId": "m1",
          "progress": {
            "top_level_todo": [],
            "stack": [],
            "top_level_done": [
              {
                "name": "Loading train set",
                "time": 20
              },
              {
                "name": "Loading test set",
                "time": 12
              },
              {
                "name": "Collecting statistics",
                "time": 13
              },
              {
                "name": "Preprocessing train set",
                "time": 31
              },
              {
                "name": "Preprocessing test set",
                "time": 23
              },
              {
                "name": "Fitting model",
                "time": 1053
              },
              {
                "name": "Saving model",
                "time": 2
              },
              {
                "name": "Scoring model",
                "time": 37
              }
            ]
          },
          "startTime": 1591734506326,
          "endTime": 1591734507519,
          "preprocessingTime": 101,
          "trainingTime": 1092,
          "fullRows": 0,
          "trainRows": 531,
          "testRows": 137
        },
        "userMeta": {
          "description": "",
          "name": "XGBoost",
          "starred": false,
          "clusterMetas": {},
          "customMeta": {
            "kv": {}
          },
          "tags": [],
          "activeClassifierThreshold": 0.0
        },
        "backendType": "PY_MEMORY",
        "sessionId": "s3",
        "sessionDate": 1591734507526,
        "sampleWeightsEnabled": false,
        "trainDate": 1591734507519,
        "topImportance": [
          {
            "s": "transaction_date_dayofweek",
            "d": 0.2651515007019043
          },
          {
            "s": "amount_lag1",
            "d": 0.25
          },
          {
            "s": "d10_amount_avg",
            "d": 0.07575757801532745
          },
          {
            "s": "y1_amount_avg",
            "d": 0.06818182021379471
          },
          {
            "s": "amount_lag2",
            "d": 0.06818182021379471
          },
          {
            "s": "m1_quantity_avg",
            "d": 0.04545454680919647
          },
          {
            "s": "d3_amound_avg",
            "d": 0.04545454680919647
          },
          {
            "s": "d3_quantity_avg",
            "d": 0.03787878900766373
          },
          {
            "s": "y1_quantity_avg",
            "d": 0.022727273404598236
          },
          {
            "s": "transaction_date_monthnum",
            "d": 0.022727273404598236
          }
        ],
        "gridLength": 0,
        "pluginAlgoCustomGridSearch": false,
        "partitionedModelEnabled": true,
        "partitionName": "M46",
        "r2": 0.7254002213270927,
        "r2std": 0.0,
        "evs": 0.7254105929471119,
        "evsstd": 0.0,
        "mape": 0.216589666513934,
        "mae": 36484.707630018245,
        "maestd": 0.0,
        "mse": 2.4175744611851563E9,
        "msestd": 0.0,
        "rmse": 49168.83628056654,
        "rmsestd": 0.0,
        "rmsle": 0.2619016918984362,
        "rmslestd": 0.0,
        "pearson": 0.8522438452331972,
        "pearsonstd": 0.0,
        "customScorestd": 0.0
      },
      "state": "REUSED_DONE"
    },
    "MS4": {
      "snippet": {
        "fullModelId": "S-SALESFORECASTING_V2-DGIgt6tb-initial-part-MS4-v1",
        "algorithm": "XGBOOST_REGRESSION",
        "trainInfo": {
          "state": "DONE",
          "preSearchDescription": {
            "gridLength": 1,
            "importantParams": [
              {
                "name": "trees",
                "val": "300"
              },
              {
                "name": "max_depth",
                "vals": [
                  "3"
                ]
              }
            ]
          },
          "postSearchDescription": {
            "importantParams": [
              {
                "name": "trees",
                "val": "25"
              },
              {
                "name": "max_depth",
                "val": "3"
              }
            ]
          },
          "timeOrderingEnabled": false,
          "sampleWeightsEnabled": false,
          "modelId": "m1",
          "progress": {
            "top_level_todo": [],
            "stack": [],
            "top_level_done": [
              {
                "name": "Loading train set",
                "time": 18
              },
              {
                "name": "Loading test set",
                "time": 12
              },
              {
                "name": "Collecting statistics",
                "time": 12
              },
              {
                "name": "Preprocessing train set",
                "time": 35
              },
              {
                "name": "Preprocessing test set",
                "time": 25
              },
              {
                "name": "Fitting model",
                "time": 1068
              },
              {
                "name": "Saving model",
                "time": 3
              },
              {
                "name": "Scoring model",
                "time": 38
              }
            ]
          },
          "startTime": 1591734508960,
          "endTime": 1591734510175,
          "preprocessingTime": 105,
          "trainingTime": 1110,
          "fullRows": 0,
          "trainRows": 531,
          "testRows": 137
        },
        "userMeta": {
          "description": "",
          "name": "XGBoost",
          "starred": false,
          "clusterMetas": {},
          "customMeta": {
            "kv": {}
          },
          "tags": [],
          "activeClassifierThreshold": 0.0
        },
        "backendType": "PY_MEMORY",
        "sessionId": "s3",
        "sessionDate": 1591734510179,
        "sampleWeightsEnabled": false,
        "trainDate": 1591734510175,
        "topImportance": [
          {
            "s": "transaction_date_dayofweek",
            "d": 0.22674418985843658
          },
          {
            "s": "amount_lag1",
            "d": 0.20348836481571198
          },
          {
            "s": "d10_amount_avg",
            "d": 0.11046511679887772
          },
          {
            "s": "amount_lag2",
            "d": 0.0872092992067337
          },
          {
            "s": "amount_lag3",
            "d": 0.06395348906517029
          },
          {
            "s": "transaction_date_daynum",
            "d": 0.05232558026909828
          },
          {
            "s": "d3_quantity_avg",
            "d": 0.05232558026909828
          },
          {
            "s": "d3_amound_avg",
            "d": 0.04651162773370743
          },
          {
            "s": "d10_quantity_avg",
            "d": 0.040697675198316574
          },
          {
            "s": "y1_quantity_avg",
            "d": 0.03488372266292572
          }
        ],
        "gridLength": 0,
        "pluginAlgoCustomGridSearch": false,
        "partitionedModelEnabled": true,
        "partitionName": "MS4",
        "r2": 0.6171381393390496,
        "r2std": 0.0,
        "evs": 0.6174863963150273,
        "evsstd": 0.0,
        "mape": 0.23454759091510768,
        "mae": 68739.23072536496,
        "maestd": 0.0,
        "mse": 8.227207971239022E9,
        "msestd": 0.0,
        "rmse": 90703.95785873415,
        "rmsestd": 0.0,
        "rmsle": 0.28572608844904185,
        "rmslestd": 0.0,
        "pearson": 0.7858174387854605,
        "pearsonstd": 0.0,
        "customScorestd": 0.0
      },
      "state": "REUSED_DONE"
    }
  },
  "versions": {
    "M03": "v1",
    "M07": "v1",
    "MM4": "v1",
    "MV3": "v1",
    "M46": "v1",
    "MS4": "v1"
  },
  "jobIdUpdate": 0
}