{
    "NUM_DERIVATIVE": {
        "shifts": {
            "NUM_DERIVATIVE:log(d3_amound_avg)": -0.25092914539216143, 
            "NUM_DERIVATIVE:sqrt(d3_amound_avg)": 0.42017780869447013, 
            "NUM_DERIVATIVE:d3_amound_avg^2": 0.998116760828624
        }, 
        "inv_scales": {
            "NUM_DERIVATIVE:log(d3_amound_avg)": 1.304350816491051, 
            "NUM_DERIVATIVE:sqrt(d3_amound_avg)": 2.022944984097388, 
            "NUM_DERIVATIVE:d3_amound_avg^2": 0.8629059062632397
        }
    }
}