{
    "per_feature": {
        "d10_quantity_avg": {
            "stats": {
                "std": 195.72679536257385, 
                "p99": 1030.3636363636363, 
                "min": 218.54545454545448, 
                "max": 1050.3181818181818, 
                "average": 565.2424984306341, 
                "median": 550.0
            }, 
            "missing_impute_with_value": 565.2424984306341
        }, 
        "m1_quantity_avg": {
            "stats": {
                "std": 162.91015302437143, 
                "p99": 841.2950819672132, 
                "min": 276.95762711864404, 
                "max": 841.2950819672132, 
                "average": 576.1518009832304, 
                "median": 629.0322580645161
            }, 
            "missing_impute_with_value": 576.1518009832304
        }, 
        "transaction_date_dayofweek": {
            "stats": {
                "std": 2.0243656673249255, 
                "p99": 7.0, 
                "min": 1.0, 
                "max": 7.0, 
                "average": 3.992467043314501, 
                "median": 4.0
            }, 
            "missing_impute_with_value": 3.992467043314501
        }, 
        "d3_quantity_avg": {
            "stats": {
                "std": 211.9769310661181, 
                "p99": 1142.175, 
                "min": 189.75, 
                "max": 1198.5, 
                "average": 565.6168549905839, 
                "median": 550.75
            }, 
            "missing_impute_with_value": 565.6168549905839
        }, 
        "flag_weekend": {
            "stats": {}
        }, 
        "flag_school": {
            "stats": {}
        }, 
        "transaction_date_daynum": {
            "stats": {
                "std": 8.729671437998919, 
                "p99": 31.0, 
                "min": 1.0, 
                "max": 31.0, 
                "average": 15.542372881355933, 
                "median": 16.0
            }, 
            "missing_impute_with_value": 15.542372881355933
        }, 
        "transaction_date_monthnum": {
            "stats": {
                "std": 3.581184172414327, 
                "p99": 12.0, 
                "min": 1.0, 
                "max": 12.0, 
                "average": 6.581920903954802, 
                "median": 7.0
            }, 
            "missing_impute_with_value": 6.581920903954802
        }, 
        "d3_amound_avg": {
            "stats": {
                "std": 122225.44640002846, 
                "p99": 637782.4250000005, 
                "min": 104316.5, 
                "max": 671127.75, 
                "average": 345967.69664155686, 
                "median": 339860.75
            }, 
            "missing_impute_with_value": 345967.69664155686
        }, 
        "y1_amount_avg": {
            "stats": {
                "std": 99784.14720804492, 
                "p99": 478501.9833333333, 
                "min": 159811.48387096782, 
                "max": 478501.98333333334, 
                "average": 345475.9000718877, 
                "median": 403067.68333333335
            }, 
            "missing_impute_with_value": 345475.9000718877
        }, 
        "transaction_date_year": {
            "stats": {}
        }, 
        "amount": {
            "stats": {}
        }, 
        "transaction_date": {
            "stats": {}
        }, 
        "y1_quantity_avg": {
            "stats": {
                "std": 194.82188236088783, 
                "p99": 944.3064516129032, 
                "min": 288.741935483871, 
                "max": 944.3064516129032, 
                "average": 648.9368508827502, 
                "median": 638.7903225806451
            }, 
            "missing_impute_with_value": 648.9368508827502
        }, 
        "d10_amount_avg": {
            "stats": {
                "std": 108061.6532335075, 
                "p99": 562387.4727272728, 
                "min": 130544.72727272728, 
                "max": 591792.5454545454, 
                "average": 344636.72590309917, 
                "median": 352222.8181818182
            }, 
            "missing_impute_with_value": 344636.72590309917
        }, 
        "amount_lag2": {
            "stats": {
                "std": 151123.76499084124, 
                "p99": 739028.6000000002, 
                "min": 0.0, 
                "max": 761865.0, 
                "average": 347939.97394852486, 
                "median": 321878.0
            }, 
            "missing_impute_with_value": 347939.97394852486
        }, 
        "amount_lag3": {
            "stats": {
                "std": 149008.40799693685, 
                "p99": 735285.3000000002, 
                "min": 0.0, 
                "max": 762887.0, 
                "average": 345148.5624607658, 
                "median": 321878.0
            }, 
            "missing_impute_with_value": 345148.5624607658
        }, 
        "m1_amount_avg": {
            "stats": {
                "std": 72086.92919344267, 
                "p99": 441862.606557377, 
                "min": 174669.220338983, 
                "max": 441862.606557377, 
                "average": 339441.0009436323, 
                "median": 330387.0819672131
            }, 
            "missing_impute_with_value": 339441.0009436323
        }, 
        "amount_lag1": {
            "stats": {
                "std": 146970.72022063207, 
                "p99": 730437.6000000003, 
                "min": 0.0, 
                "max": 750726.0, 
                "average": 345150.3349026993, 
                "median": 320920.0
            }, 
            "missing_impute_with_value": 345150.3349026993
        }, 
        "flag_bank": {
            "stats": {}
        }, 
        "quantity": {
            "stats": {}
        }
    }, 
    "feature_order": [
        "d10_quantity_avg", 
        "m1_quantity_avg", 
        "transaction_date_dayofweek", 
        "d10_amount_avg", 
        "d3_quantity_avg", 
        "amount_lag2", 
        "flag_school", 
        "transaction_date_daynum", 
        "d3_amound_avg", 
        "y1_amount_avg", 
        "transaction_date_year", 
        "flag_weekend", 
        "amount", 
        "transaction_date", 
        "y1_quantity_avg", 
        "transaction_date_monthnum", 
        "amount_lag3", 
        "m1_amount_avg", 
        "amount_lag1", 
        "flag_bank", 
        "quantity"
    ]
}