[
    {
        "parameters": {
            "reg_alpha": 0.0, 
            "colsample_bytree": 1.0, 
            "colsample_bylevel": 1.0, 
            "learning_rate": 0.2, 
            "max_delta_step": 0.0, 
            "min_child_weight": 0.0, 
            "subsample": 1.0, 
            "reg_lambda": 1.0, 
            "objective": "reg:linear", 
            "max_depth": 3, 
            "gamma": 0.0, 
            "booster": "gbtree"
        }, 
        "score_time": 2, 
        "test_score": 0.6843847661476614, 
        "fit_time": 25, 
        "num_samples": 177, 
        "best_iteration": 22, 
        "train_score": 0.8543610673004629, 
        "parameter_id": 0, 
        "time": 27, 
        "done_at": 1591734499086, 
        "grid_point_id": "{\"reg_alpha\": 0.0, \"colsample_bytree\": 1.0, \"colsample_bylevel\": 1.0, \"learning_rate\": 0.2, \"max_delta_step\": 0.0, \"min_child_weight\": 0.0, \"subsample\": 1.0, \"reg_lambda\": 1.0, \"objective\": \"reg:linear\", \"max_depth\": 3, \"gamma\": 0.0, \"booster\": \"gbtree\"}@2"
    }, 
    {
        "parameters": {
            "reg_alpha": 0.0, 
            "colsample_bytree": 1.0, 
            "colsample_bylevel": 1.0, 
            "learning_rate": 0.2, 
            "max_delta_step": 0.0, 
            "min_child_weight": 0.0, 
            "subsample": 1.0, 
            "reg_lambda": 1.0, 
            "objective": "reg:linear", 
            "max_depth": 3, 
            "gamma": 0.0, 
            "booster": "gbtree"
        }, 
        "score_time": 1, 
        "test_score": 0.6870347780855179, 
        "fit_time": 38, 
        "num_samples": 177, 
        "best_iteration": 31, 
        "train_score": 0.8711756835362848, 
        "parameter_id": 0, 
        "time": 39, 
        "done_at": 1591734499093, 
        "grid_point_id": "{\"reg_alpha\": 0.0, \"colsample_bytree\": 1.0, \"colsample_bylevel\": 1.0, \"learning_rate\": 0.2, \"max_delta_step\": 0.0, \"min_child_weight\": 0.0, \"subsample\": 1.0, \"reg_lambda\": 1.0, \"objective\": \"reg:linear\", \"max_depth\": 3, \"gamma\": 0.0, \"booster\": \"gbtree\"}@0"
    }, 
    {
        "parameters": {
            "reg_alpha": 0.0, 
            "colsample_bytree": 1.0, 
            "colsample_bylevel": 1.0, 
            "learning_rate": 0.2, 
            "max_delta_step": 0.0, 
            "min_child_weight": 0.0, 
            "subsample": 1.0, 
            "reg_lambda": 1.0, 
            "objective": "reg:linear", 
            "max_depth": 3, 
            "gamma": 0.0, 
            "booster": "gbtree"
        }, 
        "score_time": 1, 
        "test_score": 0.7054650567493743, 
        "fit_time": 34, 
        "num_samples": 177, 
        "best_iteration": 28, 
        "train_score": 0.873317480601224, 
        "parameter_id": 0, 
        "time": 35, 
        "done_at": 1591734499090, 
        "grid_point_id": "{\"reg_alpha\": 0.0, \"colsample_bytree\": 1.0, \"colsample_bylevel\": 1.0, \"learning_rate\": 0.2, \"max_delta_step\": 0.0, \"min_child_weight\": 0.0, \"subsample\": 1.0, \"reg_lambda\": 1.0, \"objective\": \"reg:linear\", \"max_depth\": 3, \"gamma\": 0.0, \"booster\": \"gbtree\"}@1"
    }
]