{
    "usedGridSearch": true, 
    "gridSize": 1, 
    "rawImportance": {
        "variables": [
            "amount_lag1", 
            "amount_lag2", 
            "amount_lag3", 
            "d10_amount_avg", 
            "d10_quantity_avg", 
            "d3_amound_avg", 
            "d3_quantity_avg", 
            "m1_amount_avg", 
            "m1_quantity_avg", 
            "transaction_date_daynum", 
            "transaction_date_dayofweek", 
            "transaction_date_monthnum", 
            "y1_amount_avg", 
            "y1_quantity_avg", 
            "NUM_DERIVATIVE:d3_amound_avg^2", 
            "NUM_DERIVATIVE:log(d3_amound_avg)"
        ], 
        "importances": [
            0.1606217622756958, 
            0.062176164239645004, 
            0.06735751032829285, 
            0.062176164239645004, 
            0.04663212597370148, 
            0.05181347206234932, 
            0.12953367829322815, 
            0.010362694039940834, 
            0.036269430071115494, 
            0.062176164239645004, 
            0.1865285038948059, 
            0.005181347019970417, 
            0.041450776159763336, 
            0.005181347019970417, 
            0.020725388079881668, 
            0.05181347206234932
        ]
    }, 
    "modelInputNRows": 531, 
    "modelInputNCols": 17, 
    "modelInputMemory": 72216, 
    "gridCells": [
        {
            "scoreTimeStd": 0.0004714045207910317, 
            "scoreTime": 0.0013333333333333333, 
            "fitTime": 0.03233333333333333, 
            "score": 0.6922948669941845, 
            "params": {
                "reg_alpha": 0.0, 
                "colsample_bytree": 1.0, 
                "colsample_bylevel": 1.0, 
                "learning_rate": 0.2, 
                "max_delta_step": 0.0, 
                "min_child_weight": 0.0, 
                "n_estimators": 29, 
                "subsample": 1.0, 
                "reg_lambda": 1.0, 
                "objective": "reg:linear", 
                "max_depth": 3, 
                "gamma": 0.0, 
                "booster": "gbtree"
            }, 
            "fitTimeStd": 0.005436502143433363, 
            "scoreStd": 0.009375360062720241
        }
    ], 
    "gridBestScore": 0.6922948669941845, 
    "modelInputIsSparse": false, 
    "nBoostedEstimators": 32
}