{
  "type": "update",
  "neverRecomputeExistingPartitions": false,
  "optionalDependencies": false,
  "params": {
    "uniqueKey": [
      "id"
    ],
    "filter": {
      "distinct": false,
      "enabled": false
    },
    "deleteMissingRows": false,
    "addMissingRows": true,
    "deleteMissingCols": false,
    "addMissingCols": true
  },
  "customMeta": {
    "kv": {}
  },
  "redispatchPartitioning": false,
  "maxRunningActivities": 0,
  "variables": {},
  "dkuProperties": [],
  "inputs": {
    "main": {
      "items": [
        {
          "ref": "Employees_prepared",
          "deps": []
        }
      ]
    }
  },
  "outputs": {
    "main": {
      "items": [
        {
          "ref": "Employees_simulation",
          "appendMode": false
        }
      ]
    }
  },
  "labels": [],
  "versionTag": {
    "versionNumber": 2,
    "lastModifiedBy": {
      "login": "ludo"
    },
    "lastModifiedOn": 1611329088669
  },
  "creationTag": {
    "versionNumber": 0,
    "lastModifiedBy": {
      "login": "ludo"
    },
    "lastModifiedOn": 1611329054640
  },
  "tags": [],
  "customFields": {},
  "checklists": {
    "checklists": []
  }
}