{
  "active": false, 
  "automationLocal": false, 
  "checklists": {
    "checklists": []
  }, 
  "customFields": {}, 
  "delayedTriggersBehavior": {
    "delayWhileRunning": true, 
    "squashDelayedTriggers": true, 
    "suppressTriggersWhileRunning": true
  }, 
  "id": "REFRESHFORECAST", 
  "name": "Refresh Forecast", 
  "params": {
    "steps": [
      {
        "delayBetweenRetries": 10, 
        "id": "build_0_true_d_Store_Sales_forecast_results", 
        "maxRetriesOnFail": 0, 
        "name": "Refresh Results", 
        "params": {
          "builds": [
            {
              "itemId": "Store_Sales_forecast_results", 
              "partitionsSpec": "M03,M07,M46,MV3,MS4,MM4", 
              "type": "DATASET"
            }
          ], 
          "jobType": "RECURSIVE_BUILD", 
          "proceedOnFailure": false, 
          "refreshHiveMetastore": true
        }, 
        "resetScenarioStatus": false, 
        "runConditionExpression": "", 
        "runConditionStatuses": [
          "SUCCESS", 
          "WARNING"
        ], 
        "runConditionType": "RUN_IF_STATUS_MATCH", 
        "type": "build_flowitem"
      }
    ]
  }, 
  "projectKey": "SALESFORECASTING_V2", 
  "reporters": [], 
  "tags": [], 
  "triggers": [
    {
      "active": true, 
      "delay": 5, 
      "id": "6sFbdRyy", 
      "params": {
        "daysOfWeek": [
          "Saturday"
        ], 
        "frequency": "Daily", 
        "hour": 2, 
        "minute": 0, 
        "monthlyRunOn": "ON_THE_DAY", 
        "repeatFrequency": 1, 
        "startingFrom": "2021-03-12T00:00:00.000+0100", 
        "timezone": "SERVER"
      }, 
      "type": "temporal"
    }
  ], 
  "type": "step_based", 
  "versionTag": {
    "lastModifiedBy": {
      "login": "ludo"
    }, 
    "lastModifiedOn": 1591820357194, 
    "versionNumber": 4
  }
}