{
  "projectKey": "SALESFORECASTING_FM",
  "id": "REFRESHPROJECT",
  "type": "step_based",
  "name": "Refresh Project",
  "active": false,
  "versionTag": {
    "versionNumber": 10,
    "lastModifiedBy": {
      "login": "ludo"
    },
    "lastModifiedOn": 1639158853690
  },
  "checklists": {
    "checklists": []
  },
  "delayedTriggersBehavior": {
    "delayWhileRunning": true,
    "squashDelayedTriggers": true,
    "suppressTriggersWhileRunning": true
  },
  "tags": [],
  "triggers": [],
  "reporters": [],
  "params": {
    "steps": [
      {
        "id": "build_2_true_d_Store_Sales_windows_features_2",
        "type": "build_flowitem",
        "name": "Refresh Unpartionned datasets",
        "runConditionType": "RUN_IF_STATUS_MATCH",
        "runConditionStatuses": [
          "SUCCESS",
          "WARNING"
        ],
        "runConditionExpression": "",
        "resetScenarioStatus": false,
        "delayBetweenRetries": 10,
        "maxRetriesOnFail": 0,
        "params": {
          "builds": [
            {
              "type": "DATASET",
              "itemId": "Store_Sales_windows_features_2",
              "partitionsSpec": ""
            }
          ],
          "jobType": "RECURSIVE_FORCED_BUILD",
          "refreshHiveMetastore": true,
          "proceedOnFailure": false
        }
      },
      {
        "id": "build_0_true_d_Store_Sales_windows_features_part_d_Store_Sales_per_day_ent",
        "type": "build_flowitem",
        "name": "Build Partitions",
        "runConditionType": "RUN_IF_STATUS_MATCH",
        "runConditionStatuses": [
          "SUCCESS",
          "WARNING"
        ],
        "runConditionExpression": "",
        "resetScenarioStatus": false,
        "delayBetweenRetries": 10,
        "maxRetriesOnFail": 0,
        "params": {
          "builds": [
            {
              "type": "DATASET",
              "itemId": "Store_Sales_windows_features_part",
              "partitionsSpec": "M03"
            },
            {
              "type": "DATASET",
              "itemId": "Store_Sales_per_day_ent",
              "partitionsSpec": "M03"
            }
          ],
          "jobType": "RECURSIVE_BUILD",
          "refreshHiveMetastore": true,
          "proceedOnFailure": false
        }
      },
      {
        "id": "build_0_true_d_Store_Sales_test_results",
        "type": "build_flowitem",
        "name": "Build FInal Datasets",
        "runConditionType": "RUN_IF_STATUS_MATCH",
        "runConditionStatuses": [
          "SUCCESS",
          "WARNING"
        ],
        "runConditionExpression": "",
        "resetScenarioStatus": false,
        "delayBetweenRetries": 10,
        "maxRetriesOnFail": 0,
        "params": {
          "builds": [
            {
              "type": "DATASET",
              "itemId": "Store_Sales_test_results",
              "partitionsSpec": "M03/M07/M46/MM4/MS4/MV3"
            },
            {
              "type": "DATASET",
              "itemId": "Store_Sales_forecast_results",
              "partitionsSpec": "M03/M07/M46/MM4/MS4/MV3"
            },
            {
              "type": "DATASET",
              "itemId": "Forecast_results",
              "partitionsSpec": "M03"
            }
          ],
          "jobType": "RECURSIVE_BUILD",
          "refreshHiveMetastore": true,
          "proceedOnFailure": false
        }
      }
    ]
  },
  "automationLocal": false,
  "customFields": {}
}