{
  "type": "scenario_run_button",
  "params": {
    "scenarioSmartId": "REFRESHFORECAST"
  },
  "owner": "ludo",
  "listed": false,
  "name": "RefreshButton",
  "dashboardCreationId": "kfpOG8K",
  "versionTag": {
    "versionNumber": 0,
    "lastModifiedBy": {
      "login": "ludo"
    },
    "lastModifiedOn": 1591820485953
  },
  "creationTag": {
    "versionNumber": 0,
    "lastModifiedBy": {
      "login": "ludo"
    },
    "lastModifiedOn": 1591820485953
  },
  "tags": [],
  "customFields": {},
  "checklists": {
    "checklists": []
  }
}