{
  "type": "static_file",
  "params": {
    "contentType": "image/png",
    "filetype": "image"
  },
  "owner": "ludo",
  "listed": false,
  "name": "amount_decomposition",
  "versionTag": {
    "versionNumber": 3,
    "lastModifiedBy": {
      "login": "ludo"
    },
    "lastModifiedOn": 1649317458224
  },
  "creationTag": {
    "versionNumber": 0,
    "lastModifiedBy": {
      "login": "ludo"
    },
    "lastModifiedOn": 1591805257939
  },
  "tags": [],
  "customFields": {},
  "checklists": {
    "checklists": []
  }
}