{
  "type": "metrics",
  "params": {
    "objectSmartId": "Store_Sales_forecast_results",
    "objectType": "DATASET",
    "metricId": "col_stats:SUM:prediction"
  },
  "owner": "ludo",
  "listed": false,
  "name": "Sum of prediction on Store_Sales_forecast_results",
  "dashboardCreationId": "kfpOG8K",
  "versionTag": {
    "versionNumber": 0,
    "lastModifiedBy": {
      "login": "ludo"
    },
    "lastModifiedOn": 1591819888122
  },
  "creationTag": {
    "versionNumber": 0,
    "lastModifiedBy": {
      "login": "ludo"
    },
    "lastModifiedOn": 1591819888122
  },
  "tags": [],
  "customFields": {},
  "checklists": {
    "checklists": []
  }
}