{
  "type": "saved-model_report",
  "params": {
    "savedModelSmartId": "DGIgt6tb"
  },
  "owner": "ludo",
  "listed": false,
  "name": "Full report of model Amount_Prediction_Model",
  "dashboardCreationId": "kfpOG8K",
  "versionTag": {
    "versionNumber": 0,
    "lastModifiedBy": {
      "login": "ludo"
    },
    "lastModifiedOn": 1591806531889
  },
  "creationTag": {
    "versionNumber": 0,
    "lastModifiedBy": {
      "login": "ludo"
    },
    "lastModifiedOn": 1591806531889
  },
  "tags": [],
  "customFields": {},
  "checklists": {
    "checklists": []
  }
}