{
  "type": "eda",
  "params": {
    "card": {
      "type": "univariate_header",
      "showHistogram": true,
      "showQuantile": true,
      "showFrequencyTable": false,
      "showSummary": true,
      "showBoxPlot": true,
      "showCumulativeDistributionFunction": false,
      "xColumns": [
        {
          "name": "amount",
          "type": "CONTINUOUS"
        }
      ],
      "cards": [
        {
          "type": "column_card",
          "column": {
            "name": "amount",
            "type": "CONTINUOUS"
          },
          "cards": [
            {
              "type": "numerical_histogram",
              "showBoxPlot": true,
              "showHistogram": true,
              "binningMode": "AUTO",
              "nbBins": 100,
              "customBinningBoundaries": [],
              "column": {
                "name": "amount",
                "type": "CONTINUOUS"
              },
              "id": "WAfhw6l"
            },
            {
              "type": "univariate_summary",
              "confidenceLevel": 0.95,
              "showConfidenceInterval": false,
              "compute": {
                "totalCount": true,
                "mean": true,
                "sum": false,
                "median": true,
                "std": true,
                "variance": false,
                "skewness": false,
                "kurtosis": false,
                "sem": false,
                "completeCount": true,
                "nbEmpty": true,
                "zeroCount": false,
                "zeroRatio": false,
                "nonZeroRatio": false,
                "iqr": false,
                "distinctCount": true,
                "nbNonEmpty": false,
                "min": true,
                "max": true,
                "range": false,
                "mode": true
              },
              "column": {
                "name": "amount",
                "type": "CONTINUOUS"
              },
              "id": "27E2xE4"
            },
            {
              "type": "quantile_table",
              "confidenceLevel": 0.95,
              "showConfidenceInterval": false,
              "column": {
                "name": "amount",
                "type": "CONTINUOUS"
              },
              "id": "2zX9bxm"
            }
          ],
          "id": "yAWkKQO"
        }
      ],
      "splitBy": {
        "groupingColumn": {
          "name": "entity",
          "type": "CATEGORICAL"
        },
        "binningMode": "AUTO",
        "maxValues": 5,
        "groupWithOthers": true,
        "customBinningBoundaries": [],
        "groupWithAll": true
      },
      "id": "GQ17jUR"
    },
    "dataSpec": {
      "inputDatasetSmartName": "Store_Sales_per_day_enriched",
      "datasetSelection": {
        "useMemTable": false,
        "filter": {
          "distinct": false,
          "enabled": false
        },
        "partitionSelectionMethod": "ALL",
        "latestPartitionsN": 1,
        "ordering": {
          "enabled": false,
          "rules": []
        },
        "samplingMethod": "HEAD_SEQUENTIAL",
        "maxRecords": 100000,
        "targetRatio": 0.02,
        "withinFirstN": -1,
        "maxReadUncompressedBytes": -1
      },
      "autoRefreshSample": true,
      "refreshTrigger": 2,
      "containerSelection": {
        "containerMode": "INHERIT"
      }
    }
  },
  "owner": "ludo",
  "listed": true,
  "name": "Univariate analysis on 1 variable ",
  "dashboardCreationId": "kfpOG8K",
  "versionTag": {
    "versionNumber": 2,
    "lastModifiedBy": {
      "login": "ludo"
    },
    "lastModifiedOn": 1649273139917
  },
  "creationTag": {
    "versionNumber": 0,
    "lastModifiedBy": {
      "login": "ludo"
    },
    "lastModifiedOn": 1591806328571
  },
  "tags": [],
  "customFields": {},
  "checklists": {
    "checklists": []
  }
}