{
  "pages": [
    {
      "id": "729FO3C",
      "grid": {
        "tiles": [
          {
            "tileType": "INSIGHT",
            "box": {
              "top": 1,
              "left": 0,
              "width": 1,
              "height": 1
            },
            "clickAction": "DO_NOTHING",
            "tileParams": {
              "showLastRun": true
            },
            "autoLoad": true,
            "showTitle": "NO",
            "title": "Refresh Dashboard",
            "insightId": "Wsqaf64",
            "insightType": "scenario_run_button",
            "displayMode": "INSIGHT",
            "resizeImageMode": "FIT_SIZE"
          },
          {
            "tileType": "INSIGHT",
            "box": {
              "top": 0,
              "left": 1,
              "width": 11,
              "height": 5
            },
            "clickAction": "OPEN_INSIGHT",
            "tileParams": {
              "showName": true,
              "showDescription": true,
              "showCustomFields": true,
              "showStorageType": false,
              "showMeaning": false,
              "showProgressBar": false
            },
            "autoLoad": true,
            "showTitle": "NO",
            "borderColor": "#d6d4d4",
            "insightId": "aHek7P0",
            "insightType": "dataset_table",
            "displayMode": "INSIGHT",
            "resizeImageMode": "FIT_SIZE"
          },
          {
            "tileType": "TEXT",
            "box": {
              "top": 0,
              "left": 0,
              "width": 1,
              "height": 1
            },
            "clickAction": "DO_NOTHING",
            "tileParams": {
              "text": "\u003cp class\u003d\"text-center\"\u003e\n\u003ca href\u003d\"/projects/HRSTAFFCOSTMODELING/datasets/Employees_simulation/edit/\"  class\u003d\"btn btn-datasets-color btn-cta-big-mod\"\u003e\u003ci class\u003d\"icon-dku-sample_project\" class\u003d\"btn-cta-big-mod-icon\" /\u003e\u0026nbsp;Edit Dataset\u003c/a\u003e\u003cbr/\u003e\u003cbr/\u003e\n\u003c/p\u003e",
              "textAlign": "LEFT",
              "isTransparent": false
            },
            "autoLoad": true,
            "showTitle": "NO",
            "displayMode": "INSIGHT",
            "resizeImageMode": "FIT_SIZE"
          }
        ]
      },
      "title": "What-If Simulation",
      "showTitle": false,
      "backgroundColor": "#ffffff"
    },
    {
      "id": "Plw2OZ7",
      "grid": {
        "tiles": [
          {
            "tileType": "INSIGHT",
            "box": {
              "top": 0,
              "left": 0,
              "width": 12,
              "height": 6
            },
            "clickAction": "DO_NOTHING",
            "tileParams": {
              "loadTimeoutInSeconds": 0
            },
            "autoLoad": true,
            "showTitle": "NO",
            "insightId": "bE9Idbs",
            "insightType": "web_app",
            "displayMode": "INSIGHT",
            "resizeImageMode": "FIT_SIZE"
          }
        ]
      },
      "title": "Cost Analysis",
      "showTitle": false
    }
  ],
  "owner": "ludo",
  "listed": true,
  "name": "HR - Staff Cost Modeling Simulation",
  "showGrid": true,
  "versionTag": {
    "versionNumber": 59,
    "lastModifiedBy": {
      "login": "jkhalife"
    },
    "lastModifiedOn": 1618292944181
  },
  "creationTag": {
    "versionNumber": 0,
    "lastModifiedBy": {
      "login": "ludo"
    },
    "lastModifiedOn": 1611161494600
  },
  "tags": [],
  "customFields": {},
  "checklists": {
    "checklists": []
  }
}