{
  "dataSpec": {
    "inputDatasetSmartName": "Store_Sales_per_day_enriched",
    "datasetSelection": {
      "useMemTable": false,
      "filter": {
        "distinct": false,
        "enabled": false
      },
      "partitionSelectionMethod": "ALL",
      "latestPartitionsN": 1,
      "ordering": {
        "enabled": false,
        "rules": []
      },
      "samplingMethod": "HEAD_SEQUENTIAL",
      "maxRecords": 100000,
      "targetRatio": 0.02,
      "withinFirstN": -1,
      "maxReadUncompressedBytes": -1
    },
    "autoRefreshSample": true,
    "refreshTrigger": 1,
    "containerSelection": {
      "containerMode": "INHERIT"
    }
  },
  "rootCard": {
    "type": "worksheet_root",
    "confidenceLevel": 0.95,
    "showConfidenceInterval": false,
    "cards": [
      {
        "type": "univariate_header",
        "showHistogram": true,
        "showQuantile": true,
        "showFrequencyTable": false,
        "showSummary": true,
        "showBoxPlot": true,
        "xColumns": [
          {
            "name": "amount",
            "type": "CONTINUOUS"
          }
        ],
        "cards": [
          {
            "type": "column_card",
            "column": {
              "name": "amount",
              "type": "CONTINUOUS"
            },
            "cards": [
              {
                "type": "numerical_histogram",
                "showBoxPlot": true,
                "showHistogram": true,
                "binningMode": "AUTO",
                "nbBins": 100,
                "customBinningBoundaries": [],
                "column": {
                  "name": "amount",
                  "type": "CONTINUOUS"
                },
                "id": "WAfhw6l"
              },
              {
                "type": "univariate_summary",
                "confidenceLevel": 0.95,
                "showConfidenceInterval": false,
                "compute": {
                  "totalCount": true,
                  "mean": true,
                  "sum": false,
                  "median": true,
                  "std": true,
                  "variance": false,
                  "skewness": false,
                  "kurtosis": false,
                  "sem": false,
                  "completeCount": true,
                  "nbEmpty": true,
                  "zeroCount": false,
                  "zeroRatio": false,
                  "nonZeroRatio": false,
                  "iqr": false,
                  "distinctCount": true,
                  "nbNonEmpty": false,
                  "min": true,
                  "max": true,
                  "range": false,
                  "mode": true
                },
                "column": {
                  "name": "amount",
                  "type": "CONTINUOUS"
                },
                "id": "27E2xE4"
              },
              {
                "type": "quantile_table",
                "confidenceLevel": 0.95,
                "showConfidenceInterval": false,
                "column": {
                  "name": "amount",
                  "type": "CONTINUOUS"
                },
                "id": "2zX9bxm"
              }
            ],
            "id": "yAWkKQO"
          }
        ],
        "splitBy": {
          "groupingColumn": {
            "name": "entity",
            "type": "CATEGORICAL"
          },
          "binningMode": "AUTO",
          "maxValues": 5,
          "groupWithOthers": true,
          "customBinningBoundaries": [],
          "groupWithAll": true
        },
        "id": "GQ17jUR"
      }
    ],
    "id": "QZTQpz5"
  },
  "name": "Worksheet",
  "versionTag": {
    "versionNumber": 3,
    "lastModifiedBy": {
      "login": "lblusseau"
    },
    "lastModifiedOn": 1633011410509
  },
  "creationTag": {
    "versionNumber": 0,
    "lastModifiedBy": {
      "login": "ludo"
    },
    "lastModifiedOn": 1591806037394
  },
  "tags": [],
  "customFields": {},
  "checklists": {
    "checklists": []
  }
}