{
  "projectKey": "PROJECTIMPORTER",
  "id": "IMPORTPROJECT",
  "type": "step_based",
  "name": "import-project",
  "active": false,
  "creationTag": {
    "versionNumber": 3,
    "lastModifiedBy": {
      "login": "admin"
    },
    "lastModifiedOn": 1650463620318
  },
  "versionTag": {
    "versionNumber": 4,
    "lastModifiedBy": {
      "login": "admin"
    },
    "lastModifiedOn": 1650463640455
  },
  "checklists": {
    "checklists": []
  },
  "delayedTriggersBehavior": {
    "delayWhileRunning": true,
    "squashDelayedTriggers": true,
    "suppressTriggersWhileRunning": true
  },
  "tags": [],
  "triggers": [],
  "reporters": [],
  "params": {
    "steps": [
      {
        "id": "runmacro_pyrunnable_project-importer_import-project",
        "type": "runnable",
        "name": "Step #1",
        "runConditionType": "RUN_IF_STATUS_MATCH",
        "runConditionStatuses": [
          "SUCCESS",
          "WARNING"
        ],
        "runConditionExpression": "",
        "resetScenarioStatus": false,
        "delayBetweenRetries": 10,
        "maxRetriesOnFail": 0,
        "params": {
          "runnableType": "pyrunnable_project-importer_import-project",
          "config": {
            "remote_host": "https://se-global-demo-platform-ref.emea.dataiku-sandbox.io/",
            "api_key": "P0BRG0EVW8WXU3OELV53MG0QPDSV9S23",
            "ignore_ssl_certs": false,
            "project_to_import": "${test}"
          },
          "adminConfig": {},
          "proceedOnFailure": false
        }
      }
    ]
  },
  "automationLocal": false,
  "customFields": {}
}