{
    "NUM_DERIVATIVE": {
        "shifts": {
            "NUM_DERIVATIVE:log(d3_amound_avg)": -0.18860155463697517, 
            "NUM_DERIVATIVE:sqrt(d3_amound_avg)": 0.38648292628579944, 
            "NUM_DERIVATIVE:d3_amound_avg^2": 0.9981167608286259
        }, 
        "inv_scales": {
            "NUM_DERIVATIVE:log(d3_amound_avg)": 1.332414410814316, 
            "NUM_DERIVATIVE:sqrt(d3_amound_avg)": 1.9503942890381827, 
            "NUM_DERIVATIVE:d3_amound_avg^2": 0.7103020078992208
        }
    }
}