{
    "per_feature": {
        "d10_quantity_avg": {
            "stats": {
                "std": 100.22726019453849, 
                "p99": 606.1636363636366, 
                "min": 163.45454545454547, 
                "max": 619.6363636363636, 
                "average": 350.33025166923494, 
                "median": 344.45454545454544
            }, 
            "missing_impute_with_value": 350.33025166923494
        }, 
        "m1_quantity_avg": {
            "stats": {
                "std": 71.2656903440777, 
                "p99": 458.78688524590166, 
                "min": 216.10169491525423, 
                "max": 458.78688524590166, 
                "average": 353.32046111702454, 
                "median": 369.672131147541
            }, 
            "missing_impute_with_value": 353.32046111702454
        }, 
        "transaction_date_dayofweek": {
            "stats": {
                "std": 2.0243656673249255, 
                "p99": 7.0, 
                "min": 1.0, 
                "max": 7.0, 
                "average": 3.992467043314501, 
                "median": 4.0
            }, 
            "missing_impute_with_value": 3.992467043314501
        }, 
        "d3_quantity_avg": {
            "stats": {
                "std": 115.69507852642242, 
                "p99": 679.45, 
                "min": 140.5, 
                "max": 796.0, 
                "average": 350.9816384180791, 
                "median": 338.75
            }, 
            "missing_impute_with_value": 350.9816384180791
        }, 
        "flag_weekend": {
            "stats": {}
        }, 
        "flag_school": {
            "stats": {}
        }, 
        "transaction_date_daynum": {
            "stats": {
                "std": 8.729671437998919, 
                "p99": 31.0, 
                "min": 1.0, 
                "max": 31.0, 
                "average": 15.542372881355933, 
                "median": 16.0
            }, 
            "missing_impute_with_value": 15.542372881355933
        }, 
        "transaction_date_monthnum": {
            "stats": {
                "std": 3.581184172414327, 
                "p99": 12.0, 
                "min": 1.0, 
                "max": 12.0, 
                "average": 6.581920903954802, 
                "median": 7.0
            }, 
            "missing_impute_with_value": 6.581920903954802
        }, 
        "d3_amound_avg": {
            "stats": {
                "std": 72212.77753394547, 
                "p99": 373966.60000000015, 
                "min": 71485.25, 
                "max": 412491.25, 
                "average": 183598.82650659134, 
                "median": 169063.0
            }, 
            "missing_impute_with_value": 183598.82650659134
        }, 
        "y1_amount_avg": {
            "stats": {
                "std": 48806.13896851285, 
                "p99": 233965.33333333337, 
                "min": 73218.54838709677, 
                "max": 233965.33333333334, 
                "average": 164925.71997839204, 
                "median": 170706.38709677418
            }, 
            "missing_impute_with_value": 164925.71997839204
        }, 
        "transaction_date_year": {
            "stats": {}
        }, 
        "amount": {
            "stats": {}
        }, 
        "transaction_date": {
            "stats": {}
        }, 
        "y1_quantity_avg": {
            "stats": {
                "std": 87.14603996019147, 
                "p99": 483.0333333333334, 
                "min": 178.32258064516128, 
                "max": 483.03333333333336, 
                "average": 348.9887070738631, 
                "median": 360.19354838709677
            }, 
            "missing_impute_with_value": 348.9887070738631
        }, 
        "d10_amount_avg": {
            "stats": {
                "std": 61122.17006535718, 
                "p99": 311766.80909090926, 
                "min": 85291.81818181818, 
                "max": 348095.2727272727, 
                "average": 182448.95694230453, 
                "median": 175220.54545454544
            }, 
            "missing_impute_with_value": 182448.95694230453
        }, 
        "amount_lag2": {
            "stats": {
                "std": 92151.99694855054, 
                "p99": 468906.30000000005, 
                "min": 36389.0, 
                "max": 531771.0, 
                "average": 183447.52165725047, 
                "median": 158640.0
            }, 
            "missing_impute_with_value": 183447.52165725047
        }, 
        "amount_lag3": {
            "stats": {
                "std": 92423.66108779584, 
                "p99": 468906.30000000005, 
                "min": 52441.0, 
                "max": 531771.0, 
                "average": 184797.54802259887, 
                "median": 159068.0
            }, 
            "missing_impute_with_value": 184797.54802259887
        }, 
        "m1_amount_avg": {
            "stats": {
                "std": 40127.013317041936, 
                "p99": 260679.2131147541, 
                "min": 103726.63559322034, 
                "max": 260679.2131147541, 
                "average": 177082.87643850583, 
                "median": 167931.32786885247
            }, 
            "missing_impute_with_value": 177082.87643850583
        }, 
        "amount_lag1": {
            "stats": {
                "std": 92699.88307550861, 
                "p99": 468906.30000000005, 
                "min": 36389.0, 
                "max": 531771.0, 
                "average": 183474.2109227872, 
                "median": 158065.0
            }, 
            "missing_impute_with_value": 183474.2109227872
        }, 
        "flag_bank": {
            "stats": {}
        }, 
        "quantity": {
            "stats": {}
        }
    }, 
    "feature_order": [
        "d10_quantity_avg", 
        "m1_quantity_avg", 
        "transaction_date_dayofweek", 
        "d10_amount_avg", 
        "d3_quantity_avg", 
        "amount_lag2", 
        "flag_school", 
        "transaction_date_daynum", 
        "d3_amound_avg", 
        "y1_amount_avg", 
        "transaction_date_year", 
        "flag_weekend", 
        "amount", 
        "transaction_date", 
        "y1_quantity_avg", 
        "transaction_date_monthnum", 
        "amount_lag3", 
        "m1_amount_avg", 
        "amount_lag1", 
        "flag_bank", 
        "quantity"
    ]
}