[
    {
        "parameters": {
            "reg_alpha": 0.0, 
            "colsample_bytree": 1.0, 
            "colsample_bylevel": 1.0, 
            "learning_rate": 0.2, 
            "max_delta_step": 0.0, 
            "min_child_weight": 0.0, 
            "subsample": 1.0, 
            "reg_lambda": 1.0, 
            "objective": "reg:linear", 
            "max_depth": 3, 
            "gamma": 0.0, 
            "booster": "gbtree"
        }, 
        "score_time": 2, 
        "test_score": 0.711110178339214, 
        "fit_time": 24, 
        "num_samples": 177, 
        "best_iteration": 16, 
        "train_score": 0.8390516844385909, 
        "parameter_id": 0, 
        "time": 26, 
        "done_at": 1591734506474, 
        "grid_point_id": "{\"reg_alpha\": 0.0, \"colsample_bytree\": 1.0, \"colsample_bylevel\": 1.0, \"learning_rate\": 0.2, \"max_delta_step\": 0.0, \"min_child_weight\": 0.0, \"subsample\": 1.0, \"reg_lambda\": 1.0, \"objective\": \"reg:linear\", \"max_depth\": 3, \"gamma\": 0.0, \"booster\": \"gbtree\"}@2"
    }, 
    {
        "parameters": {
            "reg_alpha": 0.0, 
            "colsample_bytree": 1.0, 
            "colsample_bylevel": 1.0, 
            "learning_rate": 0.2, 
            "max_delta_step": 0.0, 
            "min_child_weight": 0.0, 
            "subsample": 1.0, 
            "reg_lambda": 1.0, 
            "objective": "reg:linear", 
            "max_depth": 3, 
            "gamma": 0.0, 
            "booster": "gbtree"
        }, 
        "score_time": 2, 
        "test_score": 0.6710306122881637, 
        "fit_time": 28, 
        "num_samples": 177, 
        "best_iteration": 18, 
        "train_score": 0.8490195294567839, 
        "parameter_id": 0, 
        "time": 30, 
        "done_at": 1591734506472, 
        "grid_point_id": "{\"reg_alpha\": 0.0, \"colsample_bytree\": 1.0, \"colsample_bylevel\": 1.0, \"learning_rate\": 0.2, \"max_delta_step\": 0.0, \"min_child_weight\": 0.0, \"subsample\": 1.0, \"reg_lambda\": 1.0, \"objective\": \"reg:linear\", \"max_depth\": 3, \"gamma\": 0.0, \"booster\": \"gbtree\"}@0"
    }, 
    {
        "parameters": {
            "reg_alpha": 0.0, 
            "colsample_bytree": 1.0, 
            "colsample_bylevel": 1.0, 
            "learning_rate": 0.2, 
            "max_delta_step": 0.0, 
            "min_child_weight": 0.0, 
            "subsample": 1.0, 
            "reg_lambda": 1.0, 
            "objective": "reg:linear", 
            "max_depth": 3, 
            "gamma": 0.0, 
            "booster": "gbtree"
        }, 
        "score_time": 1, 
        "test_score": 0.6865467812866077, 
        "fit_time": 41, 
        "num_samples": 177, 
        "best_iteration": 38, 
        "train_score": 0.9069675206404262, 
        "parameter_id": 0, 
        "time": 42, 
        "done_at": 1591734506486, 
        "grid_point_id": "{\"reg_alpha\": 0.0, \"colsample_bytree\": 1.0, \"colsample_bylevel\": 1.0, \"learning_rate\": 0.2, \"max_delta_step\": 0.0, \"min_child_weight\": 0.0, \"subsample\": 1.0, \"reg_lambda\": 1.0, \"objective\": \"reg:linear\", \"max_depth\": 3, \"gamma\": 0.0, \"booster\": \"gbtree\"}@1"
    }
]