{
    "usedGridSearch": true, 
    "gridSize": 1, 
    "rawImportance": {
        "variables": [
            "amount_lag1", 
            "amount_lag2", 
            "amount_lag3", 
            "d10_amount_avg", 
            "d10_quantity_avg", 
            "d3_amound_avg", 
            "d3_quantity_avg", 
            "m1_amount_avg", 
            "m1_quantity_avg", 
            "transaction_date_daynum", 
            "transaction_date_dayofweek", 
            "transaction_date_monthnum", 
            "y1_amount_avg", 
            "y1_quantity_avg", 
            "NUM_DERIVATIVE:d3_amound_avg^2", 
            "NUM_DERIVATIVE:log(d3_amound_avg)"
        ], 
        "importances": [
            0.25, 
            0.06818182021379471, 
            0.022727273404598236, 
            0.07575757801532745, 
            0.01515151560306549, 
            0.04545454680919647, 
            0.03787878900766373, 
            0.01515151560306549, 
            0.04545454680919647, 
            0.022727273404598236, 
            0.2651515007019043, 
            0.022727273404598236, 
            0.06818182021379471, 
            0.022727273404598236, 
            0.01515151560306549, 
            0.007575757801532745
        ]
    }, 
    "modelInputNRows": 531, 
    "modelInputNCols": 17, 
    "modelInputMemory": 72216, 
    "gridCells": [
        {
            "scoreTimeStd": 0.0004714045207910317, 
            "scoreTime": 0.0016666666666666668, 
            "fitTime": 0.031, 
            "score": 0.6895625239713284, 
            "params": {
                "reg_alpha": 0.0, 
                "colsample_bytree": 1.0, 
                "colsample_bylevel": 1.0, 
                "learning_rate": 0.2, 
                "max_delta_step": 0.0, 
                "min_child_weight": 0.0, 
                "n_estimators": 19, 
                "subsample": 1.0, 
                "reg_lambda": 1.0, 
                "objective": "reg:linear", 
                "max_depth": 3, 
                "gamma": 0.0, 
                "booster": "gbtree"
            }, 
            "fitTimeStd": 0.007257180352359081, 
            "scoreStd": 0.016500786479548172
        }
    ], 
    "gridBestScore": 0.6895625239713284, 
    "modelInputIsSparse": false, 
    "nBoostedEstimators": 22
}