{
    "metrics": {
        "rmse": 49168.83628056654, 
        "pearson": 0.8522438452331972, 
        "mae": 36484.707630018245, 
        "r2": 0.7254002213270927, 
        "mape": 0.216589666513934, 
        "mse": 2417574461.1851563, 
        "evs": 0.7254105929471119, 
        "rmsle": 0.2619016918984362
    }, 
    "scatterPlotData": {
        "y": [
            266587.6875, 
            99993.4609, 
            117747.2344, 
            218300.2969, 
            190651.4219, 
            332383.8438, 
            313688.125, 
            267269.8125, 
            327480.0938, 
            186846.1875, 
            206892.1562, 
            312607.1875, 
            111525.375, 
            220296.5625, 
            122224.0, 
            135334.8906, 
            140536.2812, 
            195836.3281, 
            404809.9375, 
            106777.125, 
            383887.5625, 
            107231.7422, 
            91938.9141, 
            292645.6875, 
            185399.9688, 
            186277.5781, 
            208517.75, 
            157331.4688, 
            293227.6875, 
            171337.4688, 
            294260.1562, 
            111766.7734, 
            236257.5469, 
            194115.4844, 
            104605.9219, 
            194115.4844, 
            128660.4062, 
            196206.1875, 
            168623.4688, 
            197928.4844, 
            157985.7812, 
            102721.2188, 
            182883.2656, 
            107226.8906, 
            129331.8203, 
            358615.0312, 
            116836.0547, 
            145969.375, 
            211198.4062, 
            138652.3594, 
            327257.8438, 
            349547.9062, 
            139033.375, 
            104983.1172, 
            163285.2344, 
            160971.9531, 
            159070.0156, 
            326531.9688, 
            252834.0312, 
            188587.0312, 
            123402.3125, 
            102798.3438, 
            97381.6406, 
            192106.0625, 
            228846.9531, 
            132207.5625, 
            207877.4375, 
            143932.25, 
            310492.3125, 
            196274.5156, 
            151417.125, 
            183712.2188, 
            399903.0, 
            131867.7188, 
            182931.8125, 
            129331.8203, 
            219681.4375, 
            400390.0312, 
            176212.2812, 
            154781.3281, 
            135334.8906, 
            213344.9531, 
            392763.625, 
            129345.5781, 
            252652.8594, 
            192106.0625, 
            217877.0469, 
            174648.0625, 
            265276.5, 
            121530.1406, 
            138485.8906, 
            219932.8438, 
            166426.9375, 
            138973.6719, 
            102798.3438, 
            102721.2188, 
            90839.3828, 
            183217.6094, 
            231326.375, 
            143475.5312, 
            131143.3125, 
            132682.4688, 
            268168.2188, 
            171547.9062, 
            118586.1328, 
            137002.8906, 
            97636.6016, 
            272058.375, 
            317553.625, 
            103881.8594, 
            261550.6094, 
            98185.8828, 
            201612.1406, 
            135334.8906, 
            263723.9062, 
            159398.375, 
            120112.5312, 
            290854.0312, 
            185313.0156, 
            97381.6406, 
            142629.625, 
            141610.1094, 
            170299.3594, 
            136645.9688, 
            99993.4609, 
            169143.9688, 
            161615.0469, 
            176424.0781, 
            102237.2344, 
            159122.4844, 
            135334.8906, 
            195455.0, 
            232311.6406, 
            247788.9062, 
            90131.3359, 
            102798.3438, 
            114027.4297
        ], 
        "x": [
            314944.0, 
            147298.0, 
            177806.0, 
            239354.0, 
            176900.0, 
            410655.0, 
            253377.0, 
            216797.0, 
            258647.0, 
            318717.0, 
            209134.0, 
            195348.0, 
            100258.0, 
            181834.0, 
            100819.0, 
            135473.0, 
            105261.0, 
            217077.0, 
            512249.0, 
            113091.0, 
            370583.0, 
            108494.0, 
            115554.0, 
            291817.0, 
            177362.0, 
            243110.0, 
            226012.0, 
            129135.0, 
            299063.0, 
            130981.0, 
            262745.0, 
            131544.0, 
            228502.0, 
            126534.0, 
            60443.0, 
            149807.0, 
            180966.0, 
            144528.0, 
            186979.0, 
            288040.0, 
            147472.0, 
            132166.0, 
            107468.0, 
            114417.0, 
            103126.0, 
            443546.0, 
            86806.0, 
            122137.0, 
            168985.0, 
            130051.0, 
            374255.0, 
            366024.0, 
            171090.0, 
            98311.0, 
            247910.0, 
            142047.0, 
            129183.0, 
            207736.0, 
            242791.0, 
            168234.0, 
            135835.0, 
            97619.0, 
            59611.0, 
            338533.0, 
            384292.0, 
            150933.0, 
            209681.0, 
            139423.0, 
            297062.0, 
            198735.0, 
            99445.0, 
            191793.0, 
            427588.0, 
            134721.0, 
            145734.0, 
            149727.0, 
            228157.0, 
            374600.0, 
            186966.0, 
            128322.0, 
            100854.0, 
            193327.0, 
            456156.0, 
            117664.0, 
            187318.0, 
            299611.0, 
            148852.0, 
            295691.0, 
            214311.0, 
            129173.0, 
            121693.0, 
            228395.0, 
            142617.0, 
            120650.0, 
            92756.0, 
            88128.0, 
            84398.0, 
            188536.0, 
            242145.0, 
            203530.0, 
            180587.0, 
            127095.0, 
            287215.0, 
            70007.0, 
            85236.0, 
            119799.0, 
            73909.0, 
            275099.0, 
            403310.0, 
            71338.0, 
            339370.0, 
            99714.0, 
            179772.0, 
            132327.0, 
            190005.0, 
            131678.0, 
            83723.0, 
            254419.0, 
            139179.0, 
            175822.0, 
            125700.0, 
            189269.0, 
            295491.0, 
            83584.0, 
            116600.0, 
            109776.0, 
            173372.0, 
            152532.0, 
            81324.0, 
            138793.0, 
            107399.0, 
            142855.0, 
            262877.0, 
            233262.0, 
            60943.0, 
            80912.0, 
            134303.0
        ]
    }, 
    "processed_feature_names": [
        "amount_lag1", 
        "amount_lag2", 
        "amount_lag3", 
        "d10_amount_avg", 
        "d10_quantity_avg", 
        "d3_amound_avg", 
        "d3_quantity_avg", 
        "m1_amount_avg", 
        "m1_quantity_avg", 
        "transaction_date_daynum", 
        "transaction_date_dayofweek", 
        "transaction_date_monthnum", 
        "y1_amount_avg", 
        "y1_quantity_avg", 
        "NUM_DERIVATIVE:d3_amound_avg^2", 
        "NUM_DERIVATIVE:sqrt(d3_amound_avg)", 
        "NUM_DERIVATIVE:log(d3_amound_avg)"
    ], 
    "regression_performance": {
        "error_distribution": [
            {
                "count": 9, 
                "bin_max": -61751.219625, 
                "bin_id": 0, 
                "bin_min": -82940.23725374999
            }, 
            {
                "count": 12, 
                "bin_max": -40771.994249999996, 
                "bin_id": 1, 
                "bin_min": -61751.219625
            }, 
            {
                "count": 31, 
                "bin_max": -19792.768874999994, 
                "bin_id": 2, 
                "bin_min": -40771.994249999996
            }, 
            {
                "count": 26, 
                "bin_max": 1186.4565000000002, 
                "bin_id": 3, 
                "bin_min": -19792.768874999994
            }, 
            {
                "count": 30, 
                "bin_max": 22165.681874999995, 
                "bin_id": 4, 
                "bin_min": 1186.4565000000002
            }, 
            {
                "count": 5, 
                "bin_max": 43144.907250000004, 
                "bin_id": 5, 
                "bin_min": 22165.681874999995
            }, 
            {
                "count": 10, 
                "bin_max": 64124.132624999984, 
                "bin_id": 6, 
                "bin_min": 43144.907250000004
            }, 
            {
                "count": 5, 
                "bin_max": 85103.358, 
                "bin_id": 7, 
                "bin_min": 64124.132624999984
            }, 
            {
                "count": 2, 
                "bin_max": 106082.583375, 
                "bin_id": 8, 
                "bin_min": 85103.358
            }, 
            {
                "count": 7, 
                "bin_max": 127061.80875, 
                "bin_id": 9, 
                "bin_min": 106082.583375
            }
        ], 
        "average_error": -33.21939552919731, 
        "p90_error": 69163.18125000008, 
        "max_error": 127061.80875, 
        "std_error": 46889.102789710094, 
        "min_error": -82730.44499999999, 
        "p25_error": -29188.3359375, 
        "p75_error": 19046.78125, 
        "median_error": -8037.96875, 
        "raw_max_error": 155445.046875, 
        "raw_min_error": -118795.96875
    }, 
    "globalMetrics": {
        "predictionAvg": [
            187047.953125
        ], 
        "predictionStd": [
            77136.796875
        ], 
        "targetStd": [
            94173.92416693643
        ], 
        "targetAvg": [
            186745.77372262772
        ], 
        "testWeight": 137
    }
}