{
  "state": "DONE",
  "preSearchDescription": {
    "gridLength": 1,
    "importantParams": [
      {
        "name": "trees",
        "val": "300"
      },
      {
        "name": "max_depth",
        "vals": [
          "3"
        ]
      }
    ]
  },
  "postSearchDescription": {
    "importantParams": [
      {
        "name": "trees",
        "val": "19"
      },
      {
        "name": "max_depth",
        "val": "3"
      }
    ]
  },
  "timeOrderingEnabled": false,
  "sampleWeightsEnabled": false,
  "modelId": "m1",
  "progress": {
    "top_level_todo": [],
    "stack": [],
    "top_level_done": [
      {
        "name": "Loading train set",
        "time": 20
      },
      {
        "name": "Loading test set",
        "time": 12
      },
      {
        "name": "Collecting statistics",
        "time": 13
      },
      {
        "name": "Preprocessing train set",
        "time": 31
      },
      {
        "name": "Preprocessing test set",
        "time": 23
      },
      {
        "name": "Fitting model",
        "time": 1053
      },
      {
        "name": "Saving model",
        "time": 2
      },
      {
        "name": "Scoring model",
        "time": 37
      }
    ]
  },
  "startTime": 1591734506326,
  "endTime": 1591734507519,
  "preprocessingTime": 101,
  "trainingTime": 1092
}