{
    "NUM_DERIVATIVE": {
        "shifts": {
            "NUM_DERIVATIVE:log(d3_amound_avg)": -0.26151470850576186, 
            "NUM_DERIVATIVE:sqrt(d3_amound_avg)": 0.4156596744644755, 
            "NUM_DERIVATIVE:d3_amound_avg^2": 0.998116760828624
        }, 
        "inv_scales": {
            "NUM_DERIVATIVE:log(d3_amound_avg)": 1.1207787728424554, 
            "NUM_DERIVATIVE:sqrt(d3_amound_avg)": 1.9958397867295725, 
            "NUM_DERIVATIVE:d3_amound_avg^2": 0.8572268947757279
        }
    }
}