{
    "per_feature": {
        "d10_quantity_avg": {
            "stats": {
                "std": 173.8700660723234, 
                "p99": 1004.6636363636366, 
                "min": 283.72727272727275, 
                "max": 1058.909090909091, 
                "average": 577.7644809678709, 
                "median": 562.6363636363636
            }, 
            "missing_impute_with_value": 577.7644809678709
        }, 
        "m1_quantity_avg": {
            "stats": {
                "std": 130.97052043296554, 
                "p99": 768.6639344262295, 
                "min": 344.3135593220339, 
                "max": 768.6639344262295, 
                "average": 582.5584363659378, 
                "median": 602.1779661016949
            }, 
            "missing_impute_with_value": 582.5584363659378
        }, 
        "transaction_date_dayofweek": {
            "stats": {
                "std": 2.0243656673249255, 
                "p99": 7.0, 
                "min": 1.0, 
                "max": 7.0, 
                "average": 3.992467043314501, 
                "median": 4.0
            }, 
            "missing_impute_with_value": 3.992467043314501
        }, 
        "d3_quantity_avg": {
            "stats": {
                "std": 197.59242778706886, 
                "p99": 1158.1500000000015, 
                "min": 237.25, 
                "max": 1271.25, 
                "average": 579.0108286252354, 
                "median": 555.0
            }, 
            "missing_impute_with_value": 579.0108286252354
        }, 
        "flag_weekend": {
            "stats": {}
        }, 
        "flag_school": {
            "stats": {}
        }, 
        "transaction_date_daynum": {
            "stats": {
                "std": 8.729671437998919, 
                "p99": 31.0, 
                "min": 1.0, 
                "max": 31.0, 
                "average": 15.542372881355933, 
                "median": 16.0
            }, 
            "missing_impute_with_value": 15.542372881355933
        }, 
        "transaction_date_monthnum": {
            "stats": {
                "std": 3.581184172414327, 
                "p99": 12.0, 
                "min": 1.0, 
                "max": 12.0, 
                "average": 6.581920903954802, 
                "median": 7.0
            }, 
            "missing_impute_with_value": 6.581920903954802
        }, 
        "d3_amound_avg": {
            "stats": {
                "std": 109537.13682207734, 
                "p99": 591533.4625000003, 
                "min": 106517.5, 
                "max": 660981.125, 
                "average": 328786.11322975514, 
                "median": 316655.75
            }, 
            "missing_impute_with_value": 328786.11322975514
        }, 
        "y1_amount_avg": {
            "stats": {
                "std": 89086.95934997467, 
                "p99": 463737.93548387097, 
                "min": 171153.0, 
                "max": 463737.93548387097, 
                "average": 331809.57066594565, 
                "median": 356113.311827957
            }, 
            "missing_impute_with_value": 331809.57066594565
        }, 
        "transaction_date_year": {
            "stats": {}
        }, 
        "amount": {
            "stats": {}
        }, 
        "transaction_date": {
            "stats": {}
        }, 
        "y1_quantity_avg": {
            "stats": {
                "std": 158.7623037632941, 
                "p99": 863.05, 
                "min": 326.741935483871, 
                "max": 863.05, 
                "average": 624.2334317622326, 
                "median": 657.516129032258
            }, 
            "missing_impute_with_value": 624.2334317622326
        }, 
        "d10_amount_avg": {
            "stats": {
                "std": 93495.0162431324, 
                "p99": 521080.113636364, 
                "min": 165282.81818181818, 
                "max": 544891.6818181818, 
                "average": 327045.23417793727, 
                "median": 319447.0
            }, 
            "missing_impute_with_value": 327045.23417793727
        }, 
        "amount_lag2": {
            "stats": {
                "std": 140657.76788717727, 
                "p99": 734729.3000000007, 
                "min": 72062.0, 
                "max": 758289.0, 
                "average": 329123.18173258007, 
                "median": 300588.0
            }, 
            "missing_impute_with_value": 329123.18173258007
        }, 
        "amount_lag3": {
            "stats": {
                "std": 141062.52618083832, 
                "p99": 743104.1000000002, 
                "min": 72062.0, 
                "max": 758289.0, 
                "average": 327821.71876961703, 
                "median": 297478.0
            }, 
            "missing_impute_with_value": 327821.71876961703
        }, 
        "m1_amount_avg": {
            "stats": {
                "std": 59237.27228821614, 
                "p99": 410217.86885245907, 
                "min": 206896.0508474577, 
                "max": 410217.86885245907, 
                "average": 320351.5859787708, 
                "median": 312260.4754098361
            }, 
            "missing_impute_with_value": 320351.5859787708
        }, 
        "amount_lag1": {
            "stats": {
                "std": 140635.9838822778, 
                "p99": 743104.1000000002, 
                "min": 72062.0, 
                "max": 758289.0, 
                "average": 328928.6104833647, 
                "median": 297993.0
            }, 
            "missing_impute_with_value": 328928.6104833647
        }, 
        "flag_bank": {
            "stats": {}
        }, 
        "quantity": {
            "stats": {}
        }
    }, 
    "feature_order": [
        "d10_quantity_avg", 
        "m1_quantity_avg", 
        "transaction_date_dayofweek", 
        "d10_amount_avg", 
        "d3_quantity_avg", 
        "amount_lag2", 
        "flag_school", 
        "transaction_date_daynum", 
        "d3_amound_avg", 
        "y1_amount_avg", 
        "transaction_date_year", 
        "flag_weekend", 
        "amount", 
        "transaction_date", 
        "y1_quantity_avg", 
        "transaction_date_monthnum", 
        "amount_lag3", 
        "m1_amount_avg", 
        "amount_lag1", 
        "flag_bank", 
        "quantity"
    ]
}