{
    "usedGridSearch": true, 
    "gridSize": 1, 
    "rawImportance": {
        "variables": [
            "amount_lag1", 
            "amount_lag2", 
            "amount_lag3", 
            "d10_amount_avg", 
            "d10_quantity_avg", 
            "d3_amound_avg", 
            "d3_quantity_avg", 
            "m1_amount_avg", 
            "m1_quantity_avg", 
            "transaction_date_daynum", 
            "transaction_date_dayofweek", 
            "transaction_date_monthnum", 
            "y1_amount_avg", 
            "y1_quantity_avg", 
            "NUM_DERIVATIVE:d3_amound_avg^2", 
            "NUM_DERIVATIVE:log(d3_amound_avg)"
        ], 
        "importances": [
            0.20348836481571198, 
            0.0872092992067337, 
            0.06395348906517029, 
            0.11046511679887772, 
            0.040697675198316574, 
            0.04651162773370743, 
            0.05232558026909828, 
            0.023255813866853714, 
            0.01744186133146286, 
            0.05232558026909828, 
            0.22674418985843658, 
            0.011627906933426857, 
            0.01744186133146286, 
            0.03488372266292572, 
            0.0058139534667134285, 
            0.0058139534667134285
        ]
    }, 
    "modelInputNRows": 531, 
    "modelInputNCols": 17, 
    "modelInputMemory": 72216, 
    "gridCells": [
        {
            "scoreTimeStd": 0.0004714045207910317, 
            "scoreTime": 0.0013333333333333333, 
            "fitTime": 0.02766666666666667, 
            "score": 0.6487256808328442, 
            "params": {
                "reg_alpha": 0.0, 
                "colsample_bytree": 1.0, 
                "colsample_bylevel": 1.0, 
                "learning_rate": 0.2, 
                "max_delta_step": 0.0, 
                "min_child_weight": 0.0, 
                "n_estimators": 25, 
                "subsample": 1.0, 
                "reg_lambda": 1.0, 
                "objective": "reg:linear", 
                "max_depth": 3, 
                "gamma": 0.0, 
                "booster": "gbtree"
            }, 
            "fitTimeStd": 0.004784233364802441, 
            "scoreStd": 0.006830797744092127
        }
    ], 
    "gridBestScore": 0.6487256808328442, 
    "modelInputIsSparse": false, 
    "nBoostedEstimators": 28
}