{
    "NUM_DERIVATIVE": {
        "shifts": {
            "NUM_DERIVATIVE:log(d3_amound_avg)": -0.18882384250071685, 
            "NUM_DERIVATIVE:sqrt(d3_amound_avg)": 0.36561134882399604, 
            "NUM_DERIVATIVE:d3_amound_avg^2": 0.9981167608286257
        }, 
        "inv_scales": {
            "NUM_DERIVATIVE:log(d3_amound_avg)": 1.2738898371556864, 
            "NUM_DERIVATIVE:sqrt(d3_amound_avg)": 1.9420151820899043, 
            "NUM_DERIVATIVE:d3_amound_avg^2": 0.6739992635090724
        }
    }
}