{
    "per_feature": {
        "d10_quantity_avg": {
            "stats": {
                "std": 83.58712783025713, 
                "p99": 434.71818181818185, 
                "min": 77.36363636363636, 
                "max": 468.8181818181818, 
                "average": 200.44153398390694, 
                "median": 194.54545454545453
            }, 
            "missing_impute_with_value": 200.44153398390694
        }, 
        "m1_quantity_avg": {
            "stats": {
                "std": 63.060951343002294, 
                "p99": 317.8360655737705, 
                "min": 96.84745762711864, 
                "max": 317.8360655737705, 
                "average": 197.315694522871, 
                "median": 193.4262295081967
            }, 
            "missing_impute_with_value": 197.315694522871
        }, 
        "transaction_date_dayofweek": {
            "stats": {
                "std": 2.0243656673249255, 
                "p99": 7.0, 
                "min": 1.0, 
                "max": 7.0, 
                "average": 3.992467043314501, 
                "median": 4.0
            }, 
            "missing_impute_with_value": 3.992467043314501
        }, 
        "d3_quantity_avg": {
            "stats": {
                "std": 94.18722812244037, 
                "p99": 486.95000000000095, 
                "min": 58.75, 
                "max": 558.75, 
                "average": 201.26600753295668, 
                "median": 189.25
            }, 
            "missing_impute_with_value": 201.26600753295668
        }, 
        "flag_weekend": {
            "stats": {}
        }, 
        "flag_school": {
            "stats": {}
        }, 
        "transaction_date_daynum": {
            "stats": {
                "std": 8.729671437998919, 
                "p99": 31.0, 
                "min": 1.0, 
                "max": 31.0, 
                "average": 15.542372881355933, 
                "median": 16.0
            }, 
            "missing_impute_with_value": 15.542372881355933
        }, 
        "transaction_date_monthnum": {
            "stats": {
                "std": 3.581184172414327, 
                "p99": 12.0, 
                "min": 1.0, 
                "max": 12.0, 
                "average": 6.581920903954802, 
                "median": 7.0
            }, 
            "missing_impute_with_value": 6.581920903954802
        }, 
        "d3_amound_avg": {
            "stats": {
                "std": 58250.13882619448, 
                "p99": 291154.6000000001, 
                "min": 30730.25, 
                "max": 312874.25, 
                "average": 129234.0463747646, 
                "median": 116641.25
            }, 
            "missing_impute_with_value": 129234.0463747646
        }, 
        "y1_amount_avg": {
            "stats": {
                "std": 35878.18403230776, 
                "p99": 167893.5483870968, 
                "min": 32745.09677419355, 
                "max": 167893.5483870968, 
                "average": 102926.6502587644, 
                "median": 108784.83333333333
            }, 
            "missing_impute_with_value": 102926.6502587644
        }, 
        "transaction_date_year": {
            "stats": {}
        }, 
        "amount": {
            "stats": {}
        }, 
        "transaction_date": {
            "stats": {}
        }, 
        "y1_quantity_avg": {
            "stats": {
                "std": 60.08069718476438, 
                "p99": 255.96774193548387, 
                "min": 45.645161290322584, 
                "max": 255.96774193548387, 
                "average": 157.0746572707209, 
                "median": 154.86666666666667
            }, 
            "missing_impute_with_value": 157.0746572707209
        }, 
        "d10_amount_avg": {
            "stats": {
                "std": 49299.321118552, 
                "p99": 245818.06363636375, 
                "min": 43533.0, 
                "max": 255170.27272727274, 
                "average": 128139.85225132688, 
                "median": 118870.90909090909
            }, 
            "missing_impute_with_value": 128139.85225132688
        }, 
        "amount_lag2": {
            "stats": {
                "std": 75414.78590448303, 
                "p99": 392272.8000000003, 
                "min": 25348.0, 
                "max": 426594.0, 
                "average": 130410.19491525424, 
                "median": 111270.0
            }, 
            "missing_impute_with_value": 130410.19491525424
        }, 
        "amount_lag3": {
            "stats": {
                "std": 75373.1149384363, 
                "p99": 393191.40000000014, 
                "min": 25348.0, 
                "max": 426594.0, 
                "average": 129552.37382297551, 
                "median": 108514.0
            }, 
            "missing_impute_with_value": 129552.37382297551
        }, 
        "m1_amount_avg": {
            "stats": {
                "std": 31018.042332194575, 
                "p99": 183847.24590163934, 
                "min": 57500.84745762712, 
                "max": 183847.24590163934, 
                "average": 123427.64194357242, 
                "median": 122091.83050847458
            }, 
            "missing_impute_with_value": 123427.64194357242
        }, 
        "amount_lag1": {
            "stats": {
                "std": 74740.88470179448, 
                "p99": 383818.100000001, 
                "min": 23725.0, 
                "max": 426594.0, 
                "average": 128748.03295668549, 
                "median": 108819.0
            }, 
            "missing_impute_with_value": 128748.03295668549
        }, 
        "flag_bank": {
            "stats": {}
        }, 
        "quantity": {
            "stats": {}
        }
    }, 
    "feature_order": [
        "d10_quantity_avg", 
        "m1_quantity_avg", 
        "transaction_date_dayofweek", 
        "d10_amount_avg", 
        "d3_quantity_avg", 
        "amount_lag2", 
        "flag_school", 
        "transaction_date_daynum", 
        "d3_amound_avg", 
        "y1_amount_avg", 
        "transaction_date_year", 
        "flag_weekend", 
        "amount", 
        "transaction_date", 
        "y1_quantity_avg", 
        "transaction_date_monthnum", 
        "amount_lag3", 
        "m1_amount_avg", 
        "amount_lag1", 
        "flag_bank", 
        "quantity"
    ]
}