[
    {
        "parameters": {
            "reg_alpha": 0.0, 
            "colsample_bytree": 1.0, 
            "colsample_bylevel": 1.0, 
            "learning_rate": 0.2, 
            "max_delta_step": 0.0, 
            "min_child_weight": 0.0, 
            "subsample": 1.0, 
            "reg_lambda": 1.0, 
            "objective": "reg:linear", 
            "max_depth": 3, 
            "gamma": 0.0, 
            "booster": "gbtree"
        }, 
        "score_time": 2, 
        "test_score": 0.6963201766743821, 
        "fit_time": 26, 
        "num_samples": 177, 
        "best_iteration": 15, 
        "train_score": 0.8365436200085172, 
        "parameter_id": 0, 
        "time": 28, 
        "done_at": 1591734493893, 
        "grid_point_id": "{\"reg_alpha\": 0.0, \"colsample_bytree\": 1.0, \"colsample_bylevel\": 1.0, \"learning_rate\": 0.2, \"max_delta_step\": 0.0, \"min_child_weight\": 0.0, \"subsample\": 1.0, \"reg_lambda\": 1.0, \"objective\": \"reg:linear\", \"max_depth\": 3, \"gamma\": 0.0, \"booster\": \"gbtree\"}@2"
    }, 
    {
        "parameters": {
            "reg_alpha": 0.0, 
            "colsample_bytree": 1.0, 
            "colsample_bylevel": 1.0, 
            "learning_rate": 0.2, 
            "max_delta_step": 0.0, 
            "min_child_weight": 0.0, 
            "subsample": 1.0, 
            "reg_lambda": 1.0, 
            "objective": "reg:linear", 
            "max_depth": 3, 
            "gamma": 0.0, 
            "booster": "gbtree"
        }, 
        "score_time": 1, 
        "test_score": 0.6466698650105869, 
        "fit_time": 37, 
        "num_samples": 177, 
        "best_iteration": 20, 
        "train_score": 0.8733600656123451, 
        "parameter_id": 0, 
        "time": 38, 
        "done_at": 1591734493897, 
        "grid_point_id": "{\"reg_alpha\": 0.0, \"colsample_bytree\": 1.0, \"colsample_bylevel\": 1.0, \"learning_rate\": 0.2, \"max_delta_step\": 0.0, \"min_child_weight\": 0.0, \"subsample\": 1.0, \"reg_lambda\": 1.0, \"objective\": \"reg:linear\", \"max_depth\": 3, \"gamma\": 0.0, \"booster\": \"gbtree\"}@0"
    }, 
    {
        "parameters": {
            "reg_alpha": 0.0, 
            "colsample_bytree": 1.0, 
            "colsample_bylevel": 1.0, 
            "learning_rate": 0.2, 
            "max_delta_step": 0.0, 
            "min_child_weight": 0.0, 
            "subsample": 1.0, 
            "reg_lambda": 1.0, 
            "objective": "reg:linear", 
            "max_depth": 3, 
            "gamma": 0.0, 
            "booster": "gbtree"
        }, 
        "score_time": 1, 
        "test_score": 0.685000590065802, 
        "fit_time": 39, 
        "num_samples": 177, 
        "best_iteration": 26, 
        "train_score": 0.8774367750871455, 
        "parameter_id": 0, 
        "time": 40, 
        "done_at": 1591734493901, 
        "grid_point_id": "{\"reg_alpha\": 0.0, \"colsample_bytree\": 1.0, \"colsample_bylevel\": 1.0, \"learning_rate\": 0.2, \"max_delta_step\": 0.0, \"min_child_weight\": 0.0, \"subsample\": 1.0, \"reg_lambda\": 1.0, \"objective\": \"reg:linear\", \"max_depth\": 3, \"gamma\": 0.0, \"booster\": \"gbtree\"}@1"
    }
]