{
    "usedGridSearch": true, 
    "gridSize": 1, 
    "rawImportance": {
        "variables": [
            "amount_lag1", 
            "amount_lag2", 
            "amount_lag3", 
            "d10_amount_avg", 
            "d10_quantity_avg", 
            "d3_amound_avg", 
            "d3_quantity_avg", 
            "m1_amount_avg", 
            "m1_quantity_avg", 
            "transaction_date_daynum", 
            "transaction_date_dayofweek", 
            "transaction_date_monthnum", 
            "y1_amount_avg", 
            "y1_quantity_avg", 
            "NUM_DERIVATIVE:d3_amound_avg^2"
        ], 
        "importances": [
            0.26530614495277405, 
            0.040816329419612885, 
            0.05442177131772041, 
            0.0952381044626236, 
            0.05442177131772041, 
            0.020408164709806442, 
            0.07482993602752686, 
            0.040816329419612885, 
            0.006802721414715052, 
            0.040816329419612885, 
            0.23129253089427948, 
            0.006802721414715052, 
            0.040816329419612885, 
            0.006802721414715052, 
            0.020408164709806442
        ]
    }, 
    "modelInputNRows": 531, 
    "modelInputNCols": 17, 
    "modelInputMemory": 72216, 
    "gridCells": [
        {
            "scoreTimeStd": 0.0004714045207910317, 
            "scoreTime": 0.0013333333333333333, 
            "fitTime": 0.033999999999999996, 
            "score": 0.6759968772502569, 
            "params": {
                "reg_alpha": 0.0, 
                "colsample_bytree": 1.0, 
                "colsample_bylevel": 1.0, 
                "learning_rate": 0.2, 
                "max_delta_step": 0.0, 
                "min_child_weight": 0.0, 
                "n_estimators": 21, 
                "subsample": 1.0, 
                "reg_lambda": 1.0, 
                "objective": "reg:linear", 
                "max_depth": 3, 
                "gamma": 0.0, 
                "booster": "gbtree"
            }, 
            "fitTimeStd": 0.005715476066494082, 
            "scoreStd": 0.021245995629398134
        }
    ], 
    "gridBestScore": 0.6759968772502569, 
    "modelInputIsSparse": false, 
    "nBoostedEstimators": 24
}