{
    "metrics": {
        "rmse": 41667.44947363524, 
        "pearson": 0.8547618104936449, 
        "mae": 29970.25316491788, 
        "r2": 0.7227597411617335, 
        "mape": 0.2505440387607754, 
        "mse": 1736176345.6379461, 
        "evs": 0.7249963115203151, 
        "rmsle": 0.29307273348440027
    }, 
    "scatterPlotData": {
        "y": [
            205286.7031, 
            82416.375, 
            84910.8047, 
            167669.7812, 
            90466.3281, 
            263645.4375, 
            181054.5781, 
            208468.1875, 
            244939.875, 
            153485.3594, 
            124060.3594, 
            219813.7188, 
            58077.8789, 
            113540.5938, 
            91556.7422, 
            122733.5469, 
            84408.4141, 
            152071.8594, 
            289390.5938, 
            75992.8281, 
            278945.3125, 
            91510.6328, 
            47446.5977, 
            235563.4844, 
            74566.1094, 
            167211.7344, 
            168975.6562, 
            99953.6328, 
            192838.4688, 
            110606.7656, 
            243175.8594, 
            105866.0, 
            209545.6875, 
            97631.4844, 
            50710.2852, 
            131624.4219, 
            106720.3516, 
            164782.75, 
            129468.4297, 
            105878.4453, 
            175878.4688, 
            85993.7266, 
            103263.7969, 
            46354.582, 
            98959.1641, 
            292257.4688, 
            81932.3906, 
            89188.0312, 
            178674.4531, 
            86108.6641, 
            263270.9062, 
            226603.1875, 
            80799.8203, 
            91270.9453, 
            133324.5312, 
            122253.5859, 
            88675.5156, 
            227950.1719, 
            168975.6562, 
            134059.7969, 
            150665.8281, 
            49079.6914, 
            58362.1055, 
            144538.9219, 
            130508.6719, 
            122594.9141, 
            166346.3281, 
            126207.6328, 
            211005.6562, 
            163787.5469, 
            92091.4062, 
            124364.1484, 
            277225.4688, 
            88425.4453, 
            198134.9531, 
            90241.0078, 
            181777.3125, 
            254372.3125, 
            121522.6953, 
            89248.4609, 
            85369.7812, 
            147280.9531, 
            223894.1719, 
            125627.1797, 
            112232.9219, 
            156857.8438, 
            266214.0625, 
            138878.4688, 
            110754.5312, 
            90085.7422, 
            122866.0078, 
            111001.4766, 
            76156.7422, 
            110823.7812, 
            54593.1445, 
            58286.9453, 
            39754.0078, 
            182287.375, 
            136355.625, 
            112232.9219, 
            81894.0859, 
            100745.6562, 
            181859.7344, 
            59200.9922, 
            87996.0312, 
            63431.3594, 
            43666.5469, 
            131718.5469, 
            178460.75, 
            58286.9453, 
            168850.8906, 
            62330.1562, 
            179170.2031, 
            118879.3594, 
            213529.3438, 
            93000.5, 
            41906.1562, 
            237882.2969, 
            147967.75, 
            63217.0742, 
            68366.1719, 
            87301.8828, 
            119077.7578, 
            72385.2578, 
            64421.1641, 
            80775.5781, 
            99984.5469, 
            122894.9062, 
            57234.4609, 
            122935.3672, 
            75542.8828, 
            100662.3828, 
            161126.6719, 
            195420.8281, 
            47446.5977, 
            64735.1016, 
            78620.5078
        ], 
        "x": [
            288805.0, 
            105961.0, 
            72514.0, 
            169209.0, 
            140175.0, 
            318260.0, 
            185677.0, 
            188905.0, 
            257113.0, 
            224789.0, 
            141739.0, 
            165281.0, 
            78890.0, 
            95434.0, 
            95164.0, 
            117546.0, 
            61171.0, 
            197004.0, 
            395499.0, 
            74950.0, 
            333215.0, 
            121341.0, 
            43905.0, 
            233749.0, 
            84828.0, 
            161851.0, 
            143656.0, 
            62787.0, 
            260769.0, 
            91721.0, 
            195403.0, 
            102109.0, 
            204905.0, 
            56087.0, 
            32362.0, 
            180847.0, 
            120695.0, 
            96214.0, 
            138745.0, 
            107799.0, 
            135697.0, 
            92260.0, 
            56929.0, 
            76229.0, 
            64740.0, 
            390761.0, 
            109865.0, 
            62969.0, 
            117969.0, 
            127010.0, 
            283823.0, 
            331293.0, 
            61528.0, 
            88311.0, 
            179187.0, 
            108958.0, 
            70478.0, 
            185547.0, 
            142856.0, 
            136887.0, 
            96126.0, 
            56749.0, 
            58972.0, 
            347171.0, 
            197194.0, 
            90794.0, 
            192228.0, 
            115046.0, 
            154218.0, 
            116200.0, 
            57724.0, 
            137474.0, 
            353576.0, 
            101093.0, 
            151530.0, 
            124880.0, 
            204545.0, 
            280849.0, 
            169258.0, 
            111270.0, 
            63424.0, 
            137994.0, 
            266648.0, 
            113177.0, 
            82903.0, 
            180046.0, 
            143912.0, 
            209949.0, 
            114065.0, 
            58673.0, 
            69389.0, 
            170423.0, 
            85172.0, 
            114089.0, 
            39304.0, 
            37796.0, 
            50853.0, 
            160760.0, 
            139639.0, 
            178236.0, 
            81963.0, 
            113836.0, 
            183608.0, 
            33482.0, 
            77635.0, 
            50443.0, 
            67573.0, 
            207291.0, 
            227416.0, 
            35558.0, 
            191588.0, 
            55973.0, 
            138289.0, 
            102753.0, 
            149462.0, 
            73313.0, 
            33217.0, 
            236475.0, 
            169092.0, 
            36566.0, 
            63787.0, 
            84391.0, 
            205602.0, 
            63360.0, 
            67068.0, 
            94477.0, 
            99128.0, 
            96637.0, 
            48470.0, 
            144747.0, 
            40530.0, 
            85750.0, 
            173978.0, 
            153803.0, 
            30159.0, 
            46080.0, 
            83288.0
        ]
    }, 
    "processed_feature_names": [
        "amount_lag1", 
        "amount_lag2", 
        "amount_lag3", 
        "d10_amount_avg", 
        "d10_quantity_avg", 
        "d3_amound_avg", 
        "d3_quantity_avg", 
        "m1_amount_avg", 
        "m1_quantity_avg", 
        "transaction_date_daynum", 
        "transaction_date_dayofweek", 
        "transaction_date_monthnum", 
        "y1_amount_avg", 
        "y1_quantity_avg", 
        "NUM_DERIVATIVE:d3_amound_avg^2", 
        "NUM_DERIVATIVE:sqrt(d3_amound_avg)", 
        "NUM_DERIVATIVE:log(d3_amound_avg)"
    ], 
    "regression_performance": {
        "error_distribution": [
            {
                "count": 12, 
                "bin_max": -45458.53525, 
                "bin_id": 0, 
                "bin_min": -61808.6649725
            }, 
            {
                "count": 12, 
                "bin_max": -29270.287999999993, 
                "bin_id": 1, 
                "bin_min": -45458.53525
            }, 
            {
                "count": 24, 
                "bin_max": -13082.040749999986, 
                "bin_id": 2, 
                "bin_min": -29270.287999999993
            }, 
            {
                "count": 29, 
                "bin_max": 3106.206500000015, 
                "bin_id": 3, 
                "bin_min": -13082.040749999986
            }, 
            {
                "count": 20, 
                "bin_max": 19294.453750000015, 
                "bin_id": 4, 
                "bin_min": 3106.206500000015
            }, 
            {
                "count": 16, 
                "bin_max": 35482.70100000003, 
                "bin_id": 5, 
                "bin_min": 19294.453750000015
            }, 
            {
                "count": 8, 
                "bin_max": 51670.94825000003, 
                "bin_id": 6, 
                "bin_min": 35482.70100000003
            }, 
            {
                "count": 5, 
                "bin_max": 67859.19550000003, 
                "bin_id": 7, 
                "bin_min": 51670.94825000003
            }, 
            {
                "count": 6, 
                "bin_max": 84047.44275000005, 
                "bin_id": 8, 
                "bin_min": 67859.19550000003
            }, 
            {
                "count": 5, 
                "bin_max": 100235.69000000002, 
                "bin_id": 9, 
                "bin_min": 84047.44275000005
            }
        ], 
        "average_error": 3430.6204938412407, 
        "p90_error": 56537.34687500003, 
        "max_error": 100235.69000000002, 
        "std_error": 37450.314198724365, 
        "min_error": -61646.7825, 
        "p25_error": -20490.9453125, 
        "p75_error": 22737.109375, 
        "median_error": -1042.828125, 
        "raw_max_error": 202632.078125, 
        "raw_min_error": -122302.0625
    }, 
    "globalMetrics": {
        "predictionAvg": [
            130202.8359375
        ], 
        "predictionStd": [
            61708.34765625
        ], 
        "targetStd": [
            79425.43444554773
        ], 
        "targetAvg": [
            133945.31386861313
        ], 
        "testWeight": 137
    }
}