id;FirstName;Department;gender;JobTitle;StartDate;EndDate;Salary
1;Jens Toffalo;Sales;Male;Help Desk Operator;21/05/2008;;25951
2;Marissa Jaeggi;Accounting;Female;Health Coach II;10/02/2018;;36398
3;Dean Rubinow;Training;Male;Desktop Support Technician;29/05/2003;;28227
4;Maxie Breinlein;Marketing;Male;Research Assistant I;11/01/2000;;86391
5;Persis Hasel;Accounting;Female;Business Systems Development Analyst;27/05/2013;;94801
6;Melisa Fleetwood;Services;Female;Account Executive;28/01/2015;;42849
7;Malva Charlot;Engineering;Female;Accountant III;23/02/2016;;119338
8;Henrietta Boath;Engineering;Female;VP Accounting;10/11/2012;;95828
9;Gwenneth Rickerby;Support;Female;Web Developer II;22/08/2019;;43643
10;Christy Jaycox;Services;Male;Project Manager;09/03/2006;;92205
11;Johnette Burn;Business Development;Female;Quality Control Specialist;23/08/2005;;99687
12;Blinnie Teacy;Legal;Female;VP Quality Control;04/07/2012;;58857
13;Aluin O'Corr;Sales;Male;Health Coach IV;18/03/2013;;112806
14;Isador Gerry;Sales;Male;Health Coach IV;08/07/2018;;34242
15;Huntlee Mcwhinney;Support;Male;VP Marketing;03/07/2010;;103860
16;Ynez Klement;Research and Development;Female;Chemical Engineer;16/09/2018;;27101
17;Paulina Abatelli;Engineering;Female;Marketing Manager;10/04/2007;31/10/2021;83309
18;Max Wein;Services;Female;VP Accounting;19/06/2001;;74477
19;Eugene Baraja;Sales;Male;Speech Pathologist;17/11/2010;;25621
20;Janeen Wastling;Accounting;Female;Recruiting Manager;11/01/2007;;51728
21;Jessa Ternent;Services;Female;Associate Professor;22/08/2004;;64045
22;Bernarr Germain;Legal;Male;Electrical Engineer;19/08/2019;;40857
23;Alicia Crookes;Engineering;Female;Web Developer I;28/08/2016;;30204
24;Heidie De Lascy;Marketing;Female;Electrical Engineer;02/02/2003;;95296
25;Fae Imos;Engineering;Female;Web Designer IV;30/11/2009;;114135
26;Jourdan Biggins;Human Resources;Female;Account Coordinator;15/09/2009;;57599
27;Katharina Schonfeld;Human Resources;Female;Speech Pathologist;27/04/2019;;34903
28;Fenelia Littlecote;Services;Female;Health Coach IV;06/07/2006;;38563
29;Lida Skipton;Business Development;Female;Research Assistant III;05/06/2005;;100204
30;Maximilianus Hapke;Accounting;Male;Desktop Support Technician;28/07/2019;;87017
31;Jennifer Jacqueminet;Engineering;Female;Office Assistant II;22/09/2003;;82055
32;Ronni Benduhn;Business Development;Female;Information Systems Manager;20/05/2008;;79906
33;Sibby Brame;Human Resources;Female;VP Quality Control;22/12/2007;31/10/2021;47688
34;Calv Risby;Human Resources;Male;Recruiting Manager;13/07/2020;;93940
35;Monroe Mushet;Product Management;Male;Office Assistant I;03/10/2009;;77582
36;Ervin Chalke;Marketing;Male;Junior Executive;30/12/2018;;35106
37;Donnie Twinn;Engineering;Male;Programmer Analyst II;09/06/2006;;109527
38;Dolley Leele;Services;Female;Human Resources Assistant II;13/09/2009;;98659
39;Jeana Dennes;Support;Female;Occupational Therapist;20/12/2008;;65052
40;Kristo Angrock;Accounting;Male;Accounting Assistant III;25/04/2014;;74522
41;Jaime Luigi;Business Development;Female;Senior Sales Associate;05/07/2004;;42329
42;Langston Syvret;Support;Male;Research Assistant II;28/02/2007;;44688
43;Johnnie Dusting;Human Resources;Male;Geologist II;31/03/2003;;100637
44;Casi Fetherstonhaugh;Marketing;Female;Senior Cost Accountant;20/09/2019;;90018
45;Jorey Prendeguest;Research and Development;Female;Project Manager;15/08/2011;;102827
46;Ahmad Bergeau;Marketing;Male;Geological Engineer;10/10/2015;;75516
47;Dacia Fermin;Product Management;Female;Senior Developer;19/04/2018;;65381
48;Rorke Barnett;Human Resources;Male;Nurse Practicioner;14/06/2006;;36705
49;Ginevra Cosens;Engineering;Female;Graphic Designer;25/01/2017;;40893
50;Barbie Hasley;Accounting;Female;Quality Control Specialist;18/10/2003;;25647
51;Waly Kief;Business Development;Female;Physical Therapy Assistant;30/01/2000;;49989
52;Rockwell Lilliman;Business Development;Male;Actuary;30/08/2015;;74413
53;Libby Hearsey;Marketing;Female;Software Consultant;26/08/2012;;105364
54;Cornelle Phelps;Support;Female;Safety Technician I;30/03/2000;;62054
55;Jerrie Bierman;Services;Male;Automation Specialist II;21/11/2014;;30352
56;Bili Lardnar;Support;Female;Media Manager III;19/04/2007;;76086
57;Ingamar Wilcocke;Support;Male;Systems Administrator I;21/01/2019;;111274
58;Ralph Zorzenoni;Engineering;Male;Pharmacist;07/03/2000;;54138
59;Bert Yell;Legal;Male;Software Engineer III;06/09/2009;;39299
60;Christalle De Mars;Sales;Female;Geological Engineer;17/08/2017;;77281
61;Wilek Fasey;Support;Male;Research Associate;15/09/2018;;104582
62;Dotti Sobtka;Support;Female;Geological Engineer;20/11/2010;;31387
63;Antoine Cornwall;Marketing;Male;Systems Administrator I;05/06/2013;;28040
64;Joelie Pragnell;Services;Female;Programmer Analyst II;20/03/2008;;28400
65;Siward Sinyard;Legal;Male;Editor;25/03/2014;;98579
66;Romonda Echlin;Business Development;Female;Desktop Support Technician;06/09/2015;;94569
67;Colet Spring;Business Development;Male;Speech Pathologist;07/10/2012;;62961
68;Caroljean Filler;Research and Development;Female;Nurse Practicioner;09/07/2006;;49098
69;Celestyn Pettman;Marketing;Female;Help Desk Technician;28/04/2020;31/10/2021;119280
70;Carrol Rudgard;Legal;Male;General Manager;28/10/2005;;89479
71;Blinnie Jore;Marketing;Female;Administrative Officer;28/03/2007;;86157
72;Bard Konertz;Business Development;Male;Physical Therapy Assistant;17/03/2007;;44837
73;Karel St. Queintain;Product Management;Female;Junior Executive;12/04/2003;;63260
74;Hanni Minchindon;Business Development;Female;Media Manager II;11/05/2015;;79709
75;Parrnell Attawell;Business Development;Male;Computer Systems Analyst IV;02/03/2000;;97988
76;Seline Chawner;Accounting;Female;Help Desk Technician;24/12/2010;;77997
77;Nikola Barukh;Research and Development;Male;Recruiter;20/07/2006;;47857
78;Salomon Alliband;Services;Male;Human Resources Assistant I;04/08/2017;;92164
79;Krystyna Le Gall;Business Development;Female;Assistant Professor;18/03/2003;;58686
80;August Skitral;Training;Male;Account Coordinator;20/10/2000;;45870
81;Leif Vass;Services;Male;Safety Technician II;01/04/2007;;51741
82;Nina Sharpe;Human Resources;Female;Accountant II;09/07/2011;;109230
83;Agata Risby;Human Resources;Female;Social Worker;07/07/2016;;64920
84;Malachi Lambot;Research and Development;Male;Help Desk Technician;20/03/2017;;58384
85;Felipa Cicchelli;Services;Female;Librarian;28/09/2020;;116145
86;Carmen Jeaves;Business Development;Female;Web Designer IV;14/03/2019;;106347
87;Jard MacNally;Human Resources;Male;Systems Administrator IV;02/09/2019;;109785
88;Doroteya Cleynaert;Human Resources;Female;Cost Accountant;23/05/2004;;110685
89;Giavani McKenna;Product Management;Male;Nurse Practicioner;12/03/2007;;109438
90;Massimiliano Daniellot;Human Resources;Male;VP Accounting;27/04/2013;;42963
91;Minna McNab;Human Resources;Female;Web Designer I;02/01/2017;;73282
92;Bartlet Ganley;Business Development;Male;Quality Engineer;29/01/2002;;58070
93;Somerset Sisselot;Legal;Male;Safety Technician IV;04/06/2018;;87080
94;Ganny Gurry;Training;Male;Executive Secretary;15/05/2013;;63518
95;Ethelbert Punyer;Marketing;Male;Clinical Specialist;15/10/2000;;50153
96;Faustine Whyteman;Support;Female;Clinical Specialist;28/12/2009;;97609
97;Lucine Luxford;Services;Female;Senior Financial Analyst;18/09/2004;;111364
98;Arvie Stud;Sales;Male;Geological Engineer;11/03/2013;;71893
99;Marcela Minter;Accounting;Female;VP Sales;14/10/2009;;64637
100;Egor Cockarill;Business Development;Male;Engineer III;01/04/2012;;116419
101;Darice Fenne;Engineering;Female;Statistician I;17/04/2015;;80997
102;Roxi McGeown;Product Management;Female;Web Designer I;13/01/2005;;66013
103;Persis Andrejevic;Product Management;Female;Environmental Specialist;20/08/2013;;73143
104;Rock Gregan;Product Management;Male;Account Executive;24/06/2009;;105248
105;Richie Aleso;Marketing;Male;Staff Accountant III;28/12/2007;;110998
106;Koenraad Graeme;Services;Male;Quality Engineer;18/02/2007;;76205
107;Osborn Pipping;Training;Male;Assistant Media Planner;09/11/2011;;43784
108;Sharon Bentote;Product Management;Female;Technical Writer;16/04/2002;;112167
109;Gertrud Lorman;Legal;Female;Mechanical Systems Engineer;24/11/2011;;72982
110;Ailina Ashelford;Accounting;Female;Cost Accountant;16/01/2007;;70670
111;Early Bumfrey;Services;Male;Senior Editor;02/11/2015;;63799
112;Elden Brockley;Human Resources;Male;Assistant Professor;17/06/2019;;64559
113;Isaiah Sauter;Engineering;Male;Community Outreach Specialist;22/04/2017;;44890
114;Lucine Dawidowitz;Engineering;Female;VP Product Management;22/05/2014;;101133
115;Karrah Camous;Accounting;Female;Quality Engineer;10/12/2006;;105474
116;Margi Durward;Legal;Female;Recruiting Manager;03/10/2000;;80715
117;Brennen Nunnery;Support;Male;Software Consultant;03/02/2004;;60305
118;Ddene Ruddock;Services;Female;Help Desk Operator;22/02/2003;;65976
119;Chanda Rennicks;Legal;Female;Paralegal;16/07/2020;;27129
120;Chlo Cutchie;Engineering;Female;Statistician IV;15/01/2003;31/01/2021;78842
121;Aeriela Greiswood;Research and Development;Female;Legal Assistant;30/11/2000;;73446
122;Ashlan Gallienne;Marketing;Female;Mechanical Systems Engineer;22/04/2012;;96432
123;Klement Sofe;Support;Male;Analog Circuit Design manager;13/12/2004;;76444
124;Fredia Tomaszczyk;Human Resources;Female;Software Engineer IV;08/05/2019;;76100
125;Anne-corinne Soutter;Sales;Female;Account Executive;28/01/2006;;98293
126;Phillipp Marcome;Business Development;Male;Senior Editor;26/12/2015;;50498
127;Micky Tesdale;Services;Female;Financial Advisor;26/08/2014;;38178
128;Natka Pawlicki;Product Management;Female;Analyst Programmer;31/07/2001;;70019
129;Celesta Martensen;Support;Female;Mechanical Systems Engineer;20/05/2019;;42444
130;Karalynn Gresly;Accounting;Female;Software Engineer III;07/01/2000;;75372
131;Bidget Will;Human Resources;Female;Technical Writer;12/03/2007;;93496
132;Mercedes Cockell;Human Resources;Female;Staff Accountant IV;02/01/2002;;100694
133;Ann Chudleigh;Engineering;Female;VP Quality Control;20/08/2014;;33728
134;Stanfield Goodfield;Sales;Male;Nurse Practicioner;03/06/2001;;83723
135;Ximenes Bonellie;Services;Male;Nurse Practicioner;08/12/2009;;109169
136;Barny Kuschel;Marketing;Male;Safety Technician II;27/10/2007;;38172
137;Allyn Fox;Business Development;Female;Pharmacist;17/11/2006;;118309
138;Zenia Whenham;Services;Female;VP Product Management;03/08/2000;;74140
139;Marcela Jessett;Human Resources;Female;Assistant Manager;11/12/2007;31/08/2021;67000
140;Dugald Lening;Legal;Male;Account Coordinator;05/02/2004;;37770
141;Dore Stollmeyer;Research and Development;Male;Electrical Engineer;23/09/2001;;51328
142;Melantha O'Hartnett;Services;Female;Administrative Assistant II;05/11/2003;;53901
143;Celesta Sandeman;Engineering;Female;Director of Sales;15/03/2017;;71053
144;Guinna Mustarde;Support;Female;Professor;19/12/2017;;61059
145;Tybi Gore;Marketing;Female;Assistant Professor;08/02/2003;;34680
146;Lyle Matten;Accounting;Male;Developer IV;12/06/2007;;34596
147;Correy Wilby;Training;Male;Computer Systems Analyst II;02/10/2009;;70072
148;Townie Augustin;Human Resources;Male;Help Desk Technician;25/07/2005;;29463
149;Boonie Llopis;Legal;Male;Senior Developer;07/05/2020;;68817
150;Doroteya MacSkeagan;Accounting;Female;Executive Secretary;30/07/2000;;36279
151;Pia Clemonts;Business Development;Female;Analyst Programmer;13/09/2016;;56722
152;Chloette Hrishchenko;Marketing;Female;Occupational Therapist;03/05/2013;;60268
153;Prinz Garrit;Support;Male;Civil Engineer;21/06/2019;;27829
154;Frasier Sandcroft;Research and Development;Male;Senior Developer;06/03/2013;;100773
155;Eugenia Chsteney;Services;Female;Social Worker;17/06/2008;;43618
156;Rianon Mattke;Legal;Female;Technical Writer;02/06/2006;;27348
157;Tessie Pritchitt;Engineering;Female;Executive Secretary;02/09/2014;;26310
158;Lukas Phizaclea;Services;Male;Speech Pathologist;10/01/2001;30/09/2021;86458
159;Lorinda Alvarez;Product Management;Female;Sales Associate;02/11/2014;28/02/2021;79006
160;Sydney Kencott;Accounting;Male;Software Test Engineer II;05/12/2000;;74120
161;Boonie Hanner;Sales;Male;VP Quality Control;03/05/2014;;54770
162;Aurthur Saker;Engineering;Male;Nurse Practicioner;11/05/2016;;70972
163;Collete McGillacoell;Research and Development;Female;Payment Adjustment Coordinator;15/12/2016;;82366
164;Maxi Vanner;Business Development;Female;Software Test Engineer III;27/05/2001;31/05/2021;34903
165;Herculie Ollerearnshaw;Marketing;Male;Paralegal;13/06/2020;;106281
166;Mar Moyler;Training;Male;Desktop Support Technician;06/02/2002;;66644
167;Hilliary Stein;Engineering;Female;Actuary;23/11/2018;;119857
168;Pieter Lucus;Product Management;Male;Nuclear Power Engineer;18/09/2017;;82218
169;Darn MacCaffrey;Human Resources;Male;Chief Design Engineer;26/05/2005;;119923
170;Jessalin Petrolli;Legal;Female;Research Nurse;02/09/2010;;35574
171;Harrison Wearne;Research and Development;Male;Quality Engineer;01/01/2018;31/07/2021;32320
172;Mac Richens;Support;Male;Environmental Specialist;26/01/2001;;85453
173;Deana Ruddoch;Human Resources;Female;General Manager;22/01/2004;;49352
174;Gino Perrie;Legal;Male;Administrative Assistant I;01/04/2005;30/09/2021;42381
175;Etti Petre;Research and Development;Female;Account Coordinator;26/07/2016;;93028
176;Carroll Dargan;Accounting;Female;Biostatistician II;18/04/2019;;116281
177;Rhea Hourihan;Legal;Female;Graphic Designer;09/10/2006;;48619
178;Mac Skill;Engineering;Male;Safety Technician II;05/05/2015;;58429
179;Franny Cleere;Research and Development;Male;Recruiter;19/09/2007;;107876
180;Marcie Constantinou;Training;Female;Human Resources Manager;28/01/2005;;112095
181;Aharon Rooper;Accounting;Male;Financial Advisor;31/05/2005;;94931
182;Jordan St Clair;Legal;Male;Technical Writer;13/07/2007;;52491
183;Ian Curson;Human Resources;Male;Operator;01/08/2016;;41864
184;Lani Basile;Training;Female;Web Developer IV;12/05/2016;;116014
185;Sarajane Ludye;Sales;Female;Environmental Specialist;19/12/2003;;43062
186;Valera Bolam;Legal;Female;Associate Professor;15/04/2009;;63363
187;Laney Champney;Accounting;Male;Design Engineer;02/07/2005;;35961
188;Marla Vain;Human Resources;Female;Staff Scientist;30/01/2018;31/10/2021;54744
189;Thedric Lody;Sales;Male;Senior Cost Accountant;05/10/2006;;68719
190;Eloise Mc Gorley;Marketing;Female;Tax Accountant;05/06/2004;;106729
191;Arron Earingey;Accounting;Male;Human Resources Manager;03/05/2013;;33152
192;Denni Jellis;Training;Female;Product Engineer;28/05/2015;;117924
193;Beale Mallows;Marketing;Male;Desktop Support Technician;10/08/2003;;101108
194;Dorie Howe;Research and Development;Male;Systems Administrator IV;02/11/2001;;45243
195;Maure Revett;Research and Development;Female;Senior Cost Accountant;20/10/2002;;107956
196;Gloriana Annies;Support;Female;Sales Representative;21/01/2002;;29602
197;Wendye Hartin;Accounting;Female;Marketing Assistant;13/05/2017;;108246
198;Nanice Mechic;Services;Female;Sales Associate;24/09/2009;31/01/2021;29429
199;Mildrid Anderer;Engineering;Female;Senior Financial Analyst;09/07/2002;;44648
200;Monah Barley;Research and Development;Female;Assistant Manager;21/02/2007;;82473
201;Babbie Crimpe;Support;Female;Marketing Assistant;19/12/2011;;119284
202;Leigh Cogdon;Research and Development;Male;Payment Adjustment Coordinator;25/07/2019;;115726
203;Con Ventom;Engineering;Male;Database Administrator III;01/05/2003;;100123
204;Guglielma Lum;Engineering;Female;Desktop Support Technician;02/09/2006;;30840
205;Shepperd Harses;Accounting;Male;Sales Representative;17/07/2004;;72696
206;Murry Burnage;Accounting;Male;Actuary;09/01/2010;;75719
207;Cassaundra Andrzej;Services;Female;Systems Administrator IV;23/02/2012;;94743
208;Garth Masding;Training;Male;Associate Professor;31/07/2019;;45981
209;Mickie Saddington;Accounting;Male;General Manager;28/02/2003;;86463
210;Angelique Rumens;Accounting;Female;Quality Engineer;10/02/2016;;51068
211;Debor Hoxey;Training;Female;Account Executive;03/05/2010;;41461
212;Dorthea Kopps;Research and Development;Female;Financial Advisor;26/04/2020;;69180
213;Wenda Hartle;Services;Female;Registered Nurse;12/12/2010;;65264
214;Nataline Nemchinov;Sales;Female;Librarian;02/11/2002;31/12/2020;71978
215;Nevil Fernier;Product Management;Male;VP Marketing;25/05/2014;;52733
216;Abie Dyster;Services;Male;Human Resources Assistant I;19/11/2008;;32304
217;Fairfax Hammett;Sales;Male;Programmer Analyst III;02/10/2004;;92655
218;Licha Benedek;Product Management;Female;Structural Engineer;29/01/2004;;94951
219;Shayna Overnell;Marketing;Female;Safety Technician III;25/11/2019;;40691
220;Ralf Outerbridge;Human Resources;Male;Cost Accountant;16/01/2009;;91214
221;Augusto Lumsdall;Support;Male;Account Coordinator;24/05/2015;;78196
222;Emmery Roddick;Human Resources;Male;VP Marketing;20/02/2005;;54512
223;Donni Defont;Training;Female;Librarian;06/05/2015;;88416
224;Charline Webland;Engineering;Female;Pharmacist;06/08/2018;;88422
225;Flossie Suart;Human Resources;Female;Nurse;17/10/2016;;87807
226;Austin Got;Engineering;Female;Tax Accountant;23/07/2004;;32233
227;Aron Patershall;Marketing;Male;Financial Analyst;24/04/2019;;99376
228;Erastus Tonepohl;Support;Male;Health Coach II;30/11/2000;;46715
229;Sydney Thies;Marketing;Male;Electrical Engineer;31/10/2005;;32298
230;Gussi Peron;Accounting;Female;Occupational Therapist;29/03/2016;;68261
231;Marlin Braffington;Services;Male;Nurse;16/02/2007;;44065
232;Eloisa Toop;Accounting;Female;Clinical Specialist;08/01/2016;;52923
233;Llywellyn Wardingley;Services;Male;Senior Sales Associate;05/04/2002;;100675
234;Cletus Ambrosch;Product Management;Male;Financial Advisor;01/08/2017;;96446
235;Rebeca Leddy;Research and Development;Female;Structural Engineer;10/05/2001;;52958
236;Sonnie Bungey;Accounting;Male;Occupational Therapist;27/05/2017;;64749
237;Isidro Fulford;Support;Male;Quality Control Specialist;24/06/2018;;95165
238;Dunstan Bolduc;Business Development;Male;Recruiting Manager;05/11/2015;;88059
239;Alexei Preshaw;Accounting;Male;Health Coach II;23/09/2018;;119136
240;Janaye Marcq;Engineering;Female;Systems Administrator III;10/08/2013;;112845
241;Enrichetta Abbotson;Services;Female;Staff Accountant IV;03/06/2008;;54626
242;Butch Anwell;Sales;Male;Assistant Manager;29/11/2013;30/09/2021;85894
243;Conant Keighley;Business Development;Male;Financial Advisor;07/02/2017;;33030
244;Jorry Wagen;Research and Development;Female;Systems Administrator II;16/09/2013;;71630
245;Gerald Seid;Business Development;Male;Engineer I;10/11/2008;31/03/2021;55846
246;Seward Hundy;Human Resources;Male;Media Manager I;31/10/2003;;72954
247;Helaine Manuely;Training;Female;Nurse Practicioner;26/09/2009;;92232
248;Auberta Blaksley;Accounting;Female;Tax Accountant;03/07/2020;;93378
249;Krystyna MacNeilage;Marketing;Female;Speech Pathologist;31/10/2001;;34639
250;Cyb Culley;Legal;Female;Accountant IV;01/08/2006;;31619
251;Meier Ceschelli;Accounting;Male;Programmer Analyst IV;04/03/2007;;84735
252;Helena Mahomet;Engineering;Female;Account Coordinator;02/08/2010;;78844
253;Torrance Redmain;Training;Male;Senior Editor;06/07/2019;;69339
254;Brit Houchin;Human Resources;Male;Senior Sales Associate;22/12/2000;;102687
255;Leigh Lindborg;Engineering;Female;Computer Systems Analyst IV;06/01/2001;;42556
256;Esmeralda Jelliman;Product Management;Female;VP Sales;02/08/2006;;53832
257;Oralie Rawsthorn;Training;Female;Quality Engineer;24/05/2017;;84315
258;Barry Milbourn;Services;Female;Sales Associate;07/03/2006;30/11/2021;108146
259;Horace Border;Product Management;Male;Research Nurse;22/04/2020;;88565
260;Findlay Brahm;Business Development;Male;Senior Quality Engineer;26/07/2020;;69090
261;Vidovik Beedom;Human Resources;Male;Chemical Engineer;03/01/2016;;64025
262;Windy Scuffham;Sales;Female;Accounting Assistant III;25/01/2013;;77300
263;Leoline Purcell;Training;Female;Developer I;02/06/2018;;110270
264;Inez Lordon;Accounting;Female;Help Desk Technician;24/05/2015;;115949
265;Jonah Cudbertson;Product Management;Male;Graphic Designer;27/07/2013;;34954
266;Alexandra Nafziger;Marketing;Female;Media Manager II;22/11/2010;;71272
267;Lemmie Leggott;Support;Male;Account Representative III;26/08/2018;;68314
268;Tybalt Warrell;Support;Male;Quality Engineer;21/02/2015;;40804
269;Luca Scudders;Research and Development;Male;Dental Hygienist;02/11/2008;;108617
270;Peadar Swaisland;Business Development;Male;Operator;01/08/2018;;40069
271;Pat Anthoney;Research and Development;Female;Editor;09/08/2004;;38161
272;Waylin Dorre;Services;Male;Account Representative I;07/01/2004;;99777
273;Timothy Drache;Legal;Male;Speech Pathologist;18/12/2018;;101725
274;Agatha Nisard;Training;Female;Junior Executive;10/03/2000;;105665
275;Irwin Guillon;Legal;Male;Librarian;05/09/2015;;90813
276;Morgana Lysaght;Business Development;Female;Registered Nurse;25/09/2008;;27187
277;Bunny Heady;Support;Female;Staff Scientist;10/05/2000;;103029
278;Felicity Metrick;Business Development;Female;Sales Associate;17/08/2010;;54743
279;Carlyn Grandisson;Support;Female;Administrative Officer;07/02/2016;;75076
280;Silvano Ross;Training;Male;Human Resources Manager;12/06/2012;;117345
281;Dwain Erdely;Services;Male;Web Developer IV;09/05/2002;;25276
282;Hamid Cattel;Marketing;Male;Research Associate;18/02/2004;;68199
283;Marje Saye;Human Resources;Female;Accounting Assistant III;21/06/2019;;65769
284;Deny Vasyushkhin;Business Development;Female;Senior Quality Engineer;03/01/2004;;25084
285;Daveen Castane;Human Resources;Female;Speech Pathologist;10/10/2019;;61607
286;Wash Beel;Research and Development;Male;Structural Engineer;28/09/2001;;74669
287;Sabra Blagdon;Product Management;Female;Clinical Specialist;14/02/2012;;110101
288;Fanni Beilby;Research and Development;Female;Programmer Analyst I;18/06/2019;;71020
289;Trenna Kingescot;Sales;Female;Internal Auditor;17/12/2012;;73983
290;West Fairham;Research and Development;Male;Civil Engineer;25/10/2012;;69423
291;Hallsy Whitby;Accounting;Male;Analog Circuit Design manager;07/05/2018;;94086
292;Chelsea O'Fallone;Research and Development;Female;Senior Developer;17/03/2017;;36187
293;Ceciley Mowen;Engineering;Female;Librarian;17/06/2017;;101201
294;Liliane McNabb;Accounting;Female;General Manager;16/04/2001;;85758
295;Bernadine Senechell;Training;Female;Safety Technician IV;11/12/2006;;55488
296;Mike Garm;Human Resources;Male;Pharmacist;16/10/2020;;44829
297;Lari Balke;Services;Female;Software Consultant;09/02/2018;;40361
298;Tulley Androsik;Marketing;Male;Junior Executive;24/12/2017;;88588
299;Launce Donn;Product Management;Male;Project Manager;05/05/2000;;93118
300;Rasia Kedslie;Marketing;Female;Cost Accountant;06/03/2007;;33923
301;Eldin Joncic;Research and Development;Male;Sales Representative;15/08/2009;;107894
302;Roosevelt Pashley;Marketing;Male;Engineer II;05/12/2001;;40023
303;Myrtice Scarre;Accounting;Female;Media Manager II;16/12/2002;;83317
304;Valenka Cockarill;Services;Female;Chief Design Engineer;19/08/2017;;84147
305;Micheline Guichard;Accounting;Female;Budget/Accounting Analyst III;18/08/2010;;112639
306;Clint Baitson;Business Development;Male;VP Product Management;10/12/2012;;78812
307;Tarra Kersley;Engineering;Female;Quality Control Specialist;04/02/2000;;27038
308;Boris Malin;Accounting;Male;Software Consultant;08/09/2014;;55740
309;Delphine Tidgewell;Human Resources;Female;Executive Secretary;02/01/2010;;88416
310;Noni Hourahan;Sales;Female;Graphic Designer;19/01/2014;;54507
311;Malina Tilby;Human Resources;Female;Engineer II;13/08/2011;;95657
312;Barri McCourtie;Accounting;Male;Nurse;19/09/2014;;62627
313;Reggie Spradbrow;Legal;Female;Accounting Assistant II;15/02/2020;;69859
314;Sheff Gannicleff;Business Development;Male;Electrical Engineer;27/10/2007;;51155
315;Nico McCaughran;Human Resources;Male;Chief Design Engineer;04/12/2004;;54306
316;Monti Wilcinskis;Research and Development;Male;Speech Pathologist;05/08/2019;;115016
317;Clair Ashness;Accounting;Female;Community Outreach Specialist;02/12/2019;;97445
318;Angelika Flowitt;Support;Female;Graphic Designer;19/10/2008;;103668
319;Kathe Kollas;Human Resources;Female;Office Assistant I;06/02/2013;;109372
320;Gilberto Middleton;Engineering;Male;Legal Assistant;19/11/2008;;60554
321;Tally Thies;Product Management;Female;Safety Technician I;17/10/2017;;109949
322;Sigismundo Trevethan;Sales;Male;General Manager;09/07/2011;;50487
323;Roanna Tulloch;Legal;Female;Office Assistant I;07/09/2002;;64108
324;Walden Pardon;Product Management;Male;Budget/Accounting Analyst II;03/01/2002;;88434
325;Granger Medgewick;Training;Male;Assistant Manager;02/10/2014;;86379
326;Annnora Walsham;Legal;Female;Associate Professor;21/05/2016;;107962
327;Lena Fishly;Accounting;Female;VP Sales;17/07/2006;;43125
328;Prescott Scannell;Sales;Male;Engineer II;26/07/2002;;70873
329;Adrea Trahear;Research and Development;Female;Dental Hygienist;14/11/2013;;62426
330;Tucker Twentyman;Legal;Male;Safety Technician III;24/04/2003;;27262
331;Carce Coping;Legal;Male;Environmental Specialist;20/07/2017;;69457
332;Friedrich Baulk;Support;Male;Computer Systems Analyst I;17/05/2015;;93823
333;Eliot Whether;Engineering;Male;Biostatistician III;10/05/2009;;113842
334;Shaine Dutnell;Product Management;Female;Legal Assistant;10/11/2001;;44860
335;Perl Beasley;Legal;Female;Office Assistant I;09/03/2002;;104388
336;Carce Beggin;Engineering;Male;Nurse;08/10/2008;;101513
337;Hadrian Roscoe;Support;Male;Health Coach II;25/07/2014;;106102
338;Berton Lorentzen;Legal;Male;Programmer Analyst II;01/03/2004;;81243
339;Robby Ankrett;Engineering;Female;Senior Developer;07/09/2008;;78062
340;Diarmid Brizell;Engineering;Male;Web Developer IV;26/08/2010;28/02/2021;81880
341;Lothario Bruin;Accounting;Male;Desktop Support Technician;02/05/2013;;119131
342;Bryna Levison;Sales;Female;Project Manager;10/08/2008;30/11/2021;30107
343;Lorne McLennan;Marketing;Male;VP Quality Control;22/11/2008;;98872
344;Angelica Goldine;Training;Female;Senior Cost Accountant;04/07/2014;;86077
345;Bondy Perigeaux;Legal;Male;Human Resources Assistant IV;28/05/2019;;93709
346;Yasmin Greenhouse;Business Development;Female;Accounting Assistant II;28/01/2000;31/07/2021;71794
347;Corabel Buxy;Research and Development;Female;Compensation Analyst;20/01/2019;;57882
348;Tremayne Mettericke;Marketing;Male;General Manager;19/11/2019;;104481
349;Sawyere Hamel;Marketing;Male;Cost Accountant;08/08/2018;;73687
350;Marcus Lotherington;Training;Male;Legal Assistant;07/09/2009;;103183
351;Mathian Mandal;Support;Male;Systems Administrator II;27/04/2009;;48159
352;Nat Hidderley;Engineering;Male;Geological Engineer;07/11/2006;;118677
353;Merrilee Rosell;Research and Development;Female;Social Worker;29/05/2018;;119520
354;Sayre Root;Support;Male;Nuclear Power Engineer;17/03/2001;;112710
355;Noelani Rekes;Marketing;Female;Data Coordiator;22/05/2002;30/06/2021;102913
356;Fran Traher;Accounting;Female;Software Test Engineer IV;16/03/2015;;35881
357;Oby Shakespear;Marketing;Male;Electrical Engineer;24/07/2003;;108468
358;Claudina Orsay;Services;Female;Actuary;25/08/2012;;62364
359;Caralie Woolpert;Accounting;Female;Research Nurse;01/02/2016;;76330
360;Sharity Charlewood;Marketing;Female;Help Desk Operator;19/03/2014;;56343
361;Archambault Phoebe;Business Development;Male;Research Nurse;16/06/2006;;68114
362;Mar Piercey;Human Resources;Male;Product Engineer;22/03/2001;;81512
363;Sigrid Kellar;Services;Female;Account Coordinator;11/11/2019;;119338
364;Johanna Livezley;Marketing;Female;Staff Scientist;09/03/2010;;31885
365;Madel Jursch;Services;Female;Senior Sales Associate;09/01/2005;;95982
366;Rollins McEachern;Human Resources;Male;Payment Adjustment Coordinator;08/01/2016;;61326
367;Bryana Bleaden;Legal;Female;Chemical Engineer;12/10/2004;;108895
368;Gerrard Matiebe;Marketing;Male;Data Coordiator;29/07/2003;;47386
369;Stephie McShirie;Product Management;Female;Legal Assistant;16/06/2004;;104418
370;Terri Rock;Marketing;Male;VP Product Management;24/04/2013;;102185
371;Welby Everex;Marketing;Male;Media Manager III;02/10/2020;;109248
372;Inna Roscoe;Business Development;Female;Budget/Accounting Analyst III;14/06/2012;;50136
373;Royall Allatt;Support;Male;VP Accounting;15/09/2005;;107441
374;Welby Maudson;Business Development;Male;Staff Scientist;21/05/2019;;48606
375;Julio Swinford;Human Resources;Male;VP Marketing;02/06/2010;;110706
376;Augustus Pottinger;Human Resources;Male;Web Developer III;12/07/2019;;117725
377;Carmita Biever;Sales;Female;VP Quality Control;27/11/2016;;109615
378;Robbyn Fairbourn;Marketing;Female;Graphic Designer;28/04/2020;;104223
379;Demetria Kersey;Business Development;Female;Clinical Specialist;02/12/2004;;104694
380;Tiphanie Beavis;Human Resources;Female;Cost Accountant;13/08/2007;;98618
381;Terrye Tod;Support;Female;Environmental Tech;08/08/2019;;103499
382;Salomo Aloshikin;Services;Male;Graphic Designer;30/03/2001;;101800
383;Carolann Althrop;Sales;Female;Engineer I;07/07/2019;;80400
384;Christian Byfford;Research and Development;Male;Internal Auditor;14/06/2012;;106455
385;Chrysler Cubuzzi;Sales;Female;Payment Adjustment Coordinator;18/10/2006;;71837
386;Myer Stentiford;Accounting;Male;Occupational Therapist;08/08/2012;;80990
387;Sallyann McCourt;Training;Female;Desktop Support Technician;29/09/2018;;92439
388;Michail Spat;Product Management;Male;Recruiting Manager;17/11/2019;;27582
389;Emlyn Leeds;Services;Female;Teacher;10/03/2006;;78905
390;Isis McGilvra;Product Management;Female;Legal Assistant;24/12/2017;;82419
391;Florinda Bole;Business Development;Female;Office Assistant II;06/12/2011;;65848
392;Juan Lowe;Research and Development;Male;Research Nurse;12/10/2018;;63757
393;Jacquie Tiller;Engineering;Female;Product Engineer;23/11/2014;;48618
394;Anders Pester;Human Resources;Male;Statistician III;20/08/2014;;93407
395;Corny Camies;Engineering;Male;Professor;24/05/2002;;56313
396;Celisse Barukh;Support;Female;Registered Nurse;05/12/2011;;57276
397;Obadias Berens;Product Management;Male;Sales Associate;27/04/2007;;60454
398;Eada Elizabeth;Human Resources;Female;Sales Associate;06/01/2003;;113234
399;Jamey Wraxall;Research and Development;Male;Electrical Engineer;31/07/2014;;70790
400;Jerrylee Robotham;Engineering;Female;Safety Technician I;02/12/2018;;34484
401;Jorie Lempke;Support;Female;Help Desk Operator;17/03/2017;;99257
402;Lonny Olfert;Accounting;Male;Administrative Assistant IV;27/01/2020;30/04/2021;63506
403;Carena Mingaye;Engineering;Female;Business Systems Development Analyst;01/10/2017;;100413
404;Ahmad Yoskowitz;Services;Male;Data Coordiator;09/08/2001;;59165
405;Anna Brothwood;Human Resources;Female;Technical Writer;22/02/2010;;116897
406;Audrye Maggi;Marketing;Female;Registered Nurse;17/10/2012;;77751
407;Jerrie Cicculini;Training;Female;Structural Analysis Engineer;02/08/2001;;86106
408;Lari Wharfe;Support;Female;Financial Advisor;03/09/2006;;29877
409;Pam Molloy;Sales;Female;Quality Control Specialist;08/12/2004;;37980
410;Jamill Muress;Human Resources;Male;Senior Editor;03/08/2009;;106834
411;Amanda Segar;Business Development;Female;Social Worker;30/06/2000;;115384
412;Bell Harbin;Engineering;Female;Quality Engineer;30/01/2000;;74169
413;Tracey Pilipyak;Business Development;Male;Compensation Analyst;28/09/2016;;71760
414;Friederike Itzhak;Product Management;Female;Account Executive;04/08/2004;31/08/2021;118752
415;Vivian Chidley;Marketing;Female;Desktop Support Technician;25/11/2012;;50516
416;Ina Skip;Product Management;Female;Engineer III;02/12/2020;;57556
417;Natal Seaman;Legal;Male;Analog Circuit Design manager;20/10/2007;;68437
418;Fredek Petrushka;Human Resources;Male;Accounting Assistant II;25/07/2012;;58598
419;Nigel Landrean;Engineering;Male;Health Coach IV;28/07/2005;;107989
420;Maddi Hudleston;Training;Female;Senior Sales Associate;19/03/2018;;101786
421;Arthur Purselowe;Human Resources;Male;Human Resources Assistant I;08/10/2000;;108986
422;Merrie Obington;Training;Female;Information Systems Manager;14/10/2013;31/03/2021;40711
423;Terrye Klaff;Human Resources;Female;Senior Sales Associate;14/10/2009;;36771
424;Marlon Roberts;Sales;Male;Internal Auditor;07/04/2013;;69236
425;Brnaby Lidgate;Accounting;Male;Developer I;15/04/2004;;103708
426;Randell Biddy;Services;Male;Senior Sales Associate;14/04/2003;;28369
427;Engracia Schaffel;Support;Female;Paralegal;19/02/2015;;33886
428;Bryana Myhill;Sales;Female;Structural Engineer;07/10/2010;;107212
429;Alard McChesney;Legal;Male;Graphic Designer;20/08/2010;;112103
430;Mendel Love;Human Resources;Male;Analyst Programmer;09/04/2013;;44186
431;Salem Jouhning;Training;Male;Help Desk Operator;03/06/2017;;117882
432;Jodie Sunners;Product Management;Female;Health Coach III;21/09/2000;;65260
433;Bald Satterly;Sales;Male;Help Desk Technician;16/10/2013;;119994
434;Tory Skeete;Human Resources;Female;Senior Financial Analyst;04/12/2003;30/11/2021;61929
435;Page Hug;Support;Female;Budget/Accounting Analyst II;30/07/2006;;86736
436;Gualterio MacMurray;Product Management;Male;Account Representative I;23/05/2000;;106393
437;Minni Grahlman;Research and Development;Female;VP Sales;26/10/2009;;107786
438;Evered Tolworthy;Support;Male;GIS Technical Architect;23/02/2018;;60115
439;Katie Tomaini;Marketing;Female;Web Designer II;07/04/2003;;82265
440;Meridith Mould;Support;Female;Administrative Assistant IV;01/07/2016;;70771
441;Lew Janks;Training;Male;Help Desk Operator;03/01/2008;;49753
442;Rhea Borrow;Support;Female;Account Representative IV;12/11/2011;;48865
443;Nikolia Eadmeades;Legal;Female;Assistant Media Planner;13/04/2005;;40617
444;Paulie Raye;Legal;Female;Computer Systems Analyst II;03/07/2017;;98005
445;Remus Dumbleton;Sales;Male;Environmental Specialist;22/05/2009;;44747
446;Emilee Matteucci;Accounting;Female;Pharmacist;04/01/2008;;107721
447;Brooke Meeks;Support;Male;Operator;24/09/2002;;86896
448;Ezechiel Avraham;Research and Development;Male;Assistant Media Planner;07/10/2018;31/03/2021;84647
449;Welsh Stickens;Marketing;Male;Analyst Programmer;15/03/2012;;57137
450;Thane Pelling;Legal;Male;Office Assistant IV;12/03/2002;;113179
451;Devondra Ziems;Human Resources;Female;Administrative Assistant III;02/05/2014;;72522
452;Terese Channon;Legal;Female;Editor;14/06/2016;;26549
453;Skye McKeurton;Business Development;Male;Sales Representative;14/03/2005;;114431
454;Dennie Evert;Marketing;Female;Associate Professor;14/01/2012;;40727
455;Darcy Gander;Training;Male;Desktop Support Technician;02/06/2015;;88056
456;Esteban Blackbrough;Research and Development;Male;Office Assistant II;25/11/2019;;87120
457;Antonella Frape;Legal;Female;Community Outreach Specialist;05/06/2014;;68820
458;Griffith Godwyn;Sales;Male;Mechanical Systems Engineer;17/11/2001;;83715
459;Willette Wedderburn;Business Development;Female;Food Chemist;23/02/2000;;100331
460;Buddie Eingerfield;Accounting;Male;Physical Therapy Assistant;03/03/2008;;72313
461;Carl Jollye;Support;Male;Cost Accountant;15/10/2015;;99670
462;Lula Dann;Accounting;Female;Environmental Specialist;06/05/2018;30/09/2021;119209
463;Malia Mussetti;Research and Development;Female;Structural Engineer;20/07/2020;;33716
464;Emory Roly;Product Management;Male;Help Desk Operator;22/02/2003;;78647
465;Theadora Yablsley;Training;Female;VP Accounting;03/03/2014;;50571
466;Camey Farrar;Research and Development;Male;VP Accounting;26/01/2011;;35549
467;Claudianus Currall;Human Resources;Male;Teacher;04/10/2005;;99233
468;Elianora Drei;Accounting;Female;Analog Circuit Design manager;25/08/2002;;35518
469;Lothaire Klewer;Research and Development;Male;Software Engineer I;15/12/2010;;102603
470;Kirby MacCathay;Marketing;Male;Sales Representative;18/08/2008;;40713
471;Mathian Bambra;Sales;Male;Safety Technician I;18/10/2016;;41654
472;Bartolemo Longo;Product Management;Male;Physical Therapy Assistant;30/01/2008;;55156
473;Mathian Leas;Product Management;Male;Executive Secretary;10/02/2020;;115083
474;Kelsey Rove;Human Resources;Female;Senior Financial Analyst;24/01/2008;;64438
475;Pamelina Oslar;Marketing;Female;Clinical Specialist;17/09/2001;;103103
476;Fidelio Sirl;Business Development;Male;Speech Pathologist;09/09/2002;;89264
477;Spencer Debenham;Marketing;Male;Internal Auditor;19/05/2001;;102479
478;Stavros Cheyne;Accounting;Male;Editor;21/04/2010;;92454
479;Harvey Spurrett;Training;Male;Structural Engineer;23/10/2002;;106068
480;Elliott Godfree;Business Development;Male;Executive Secretary;02/09/2010;28/02/2021;52137
481;Anthia Toomer;Marketing;Female;Chief Design Engineer;02/08/2001;;36019
482;Caralie Paige;Training;Female;Paralegal;27/05/2009;;26887
483;Quentin Faichney;Research and Development;Male;Research Associate;31/12/2015;;108564
484;Cassey Ashurst;Product Management;Female;Web Developer II;14/07/2003;;89101
485;Benson Pietz;Legal;Male;Payment Adjustment Coordinator;04/02/2012;;31086
486;Simeon Trevithick;Support;Male;Executive Secretary;30/10/2007;;98386
487;Ferdie Traill;Engineering;Male;Environmental Specialist;15/08/2009;;57562
488;Faustine Roomes;Training;Female;Internal Auditor;30/06/2008;;99181
489;Nadiya Stean;Product Management;Female;Registered Nurse;03/11/2009;;104819
490;Rosette Abramowitch;Accounting;Female;Nurse;07/02/2001;;90297
491;Dyan Zorzutti;Human Resources;Female;Clinical Specialist;22/03/2004;;90806
492;Maxy Rake;Marketing;Female;Payment Adjustment Coordinator;25/12/2001;;53862
493;Clemens Brahan;Sales;Male;Legal Assistant;18/06/2001;;104517
494;Balduin Ryce;Business Development;Male;GIS Technical Architect;03/03/2008;;60137
495;Padraic Farrer;Engineering;Male;Health Coach IV;20/05/2006;;56384
496;Allissa Bleddon;Engineering;Female;Teacher;21/04/2011;;100931
497;Samson Fudge;Legal;Male;Occupational Therapist;23/07/2006;;105159
498;Annette Amiranda;Sales;Female;Pharmacist;06/11/2015;;50578
499;Kacy Duquesnay;Marketing;Female;Mechanical Systems Engineer;31/01/2008;;92940
500;Van Spacie;Marketing;Male;Systems Administrator IV;13/08/2005;;82273
501;Jeane Suttell;Product Management;Female;Cost Accountant;11/07/2000;;82050
502;Theresa Blaxlande;Product Management;Female;Payment Adjustment Coordinator;01/07/2007;;49197
503;Taber Tukely;Support;Male;Graphic Designer;23/06/2015;;95861
504;Angy Milligan;Support;Female;Staff Accountant II;05/02/2020;;93070
505;Greggory Daine;Marketing;Male;Research Assistant I;17/09/2003;31/05/2021;66615
506;Nathanael Paulton;Human Resources;Male;Staff Accountant IV;21/05/2014;;79799
507;Margalit Forster;Research and Development;Female;Design Engineer;13/02/2011;;52721
508;Elbertina Volks;Support;Female;Structural Analysis Engineer;07/01/2009;;42334
509;Alexandro Bernth;Legal;Male;Business Systems Development Analyst;28/10/2010;;39799
510;Sherrie Grimwood;Training;Female;Senior Quality Engineer;27/10/2006;;101061
511;Bard Crickmoor;Engineering;Male;Financial Analyst;13/04/2013;;48498
512;Grantham Rankmore;Services;Male;Financial Advisor;22/04/2012;;45048
513;Evin Vaney;Training;Male;Data Coordiator;07/04/2004;;50318
514;Gerrard Wulfinger;Engineering;Male;Information Systems Manager;13/08/2016;;114251
515;Audy Bartczak;Product Management;Female;Programmer II;29/08/2019;;25689
516;Frasier Kleinbaum;Support;Male;Media Manager IV;07/03/2006;;25796
517;Derward Durbann;Training;Male;Senior Cost Accountant;29/09/2013;;78328
518;Herrick Rubberts;Sales;Male;Business Systems Development Analyst;10/01/2009;;108496
519;Darcey Smouten;Accounting;Female;Legal Assistant;23/04/2017;;39499
520;Emma Sliman;Engineering;Female;Developer III;13/04/2004;;102888
521;Ilyse Parsons;Human Resources;Female;Health Coach IV;21/07/2009;;53803
522;Sonnie Bartlomiej;Product Management;Female;Food Chemist;12/12/2003;;58216
523;Marthena Gentric;Sales;Female;Engineer II;17/07/2020;;73063
524;Keen Godin;Support;Male;Accounting Assistant II;07/11/2007;;64003
525;Esther Guerrieri;Product Management;Female;Help Desk Technician;21/11/2016;;30586
526;Nata Kincey;Support;Female;Administrative Officer;21/04/2015;;85894
527;Jodie Torrie;Business Development;Female;General Manager;25/12/2014;;95839
528;Bart Quesne;Human Resources;Male;Automation Specialist II;22/11/2015;;32792
529;Ezra Hurrion;Legal;Male;Help Desk Operator;03/05/2000;;73153
530;Shem Ingon;Services;Male;Executive Secretary;03/07/2006;;57025
531;Teddy Lamboll;Support;Male;Analyst Programmer;28/12/2017;28/02/2021;114990
532;Edgar Vosse;Accounting;Male;VP Product Management;23/03/2020;;26314
533;Micheal Pitcaithley;Training;Male;Project Manager;03/03/2001;;54175
534;Woody Ridgedell;Research and Development;Male;Technical Writer;11/02/2006;;94267
535;Chastity Trengove;Research and Development;Female;Registered Nurse;02/12/2016;;77654
536;Arleta Bernth;Product Management;Female;Teacher;04/03/2010;;90615
537;Coop Addess;Services;Male;Statistician I;07/06/2011;;55188
538;Opaline Parris;Human Resources;Female;Marketing Assistant;02/09/2004;;59644
539;Viki Breslau;Services;Female;Research Associate;19/02/2000;;51639
540;Weider MacCollom;Sales;Male;Administrative Assistant I;04/04/2013;;40590
541;Barty Vinton;Product Management;Male;Senior Cost Accountant;20/01/2012;;28447
542;Evelyn Scobie;Training;Female;Internal Auditor;29/11/2001;;33285
543;Wat Prys;Business Development;Male;Administrative Assistant II;01/11/2012;;87576
544;Marjory Antoney;Support;Female;Social Worker;25/03/2000;;48651
545;Durante Drewett;Support;Male;Senior Quality Engineer;04/04/2004;31/05/2021;69208
546;Quincy Le Jean;Research and Development;Male;Systems Administrator IV;20/06/2003;;99800
547;Baron Kolyagin;Legal;Male;Structural Engineer;31/01/2014;;107811
548;Sterne Gelling;Engineering;Male;Staff Accountant IV;30/11/2007;;67211
549;Mira O'Carmody;Training;Female;Senior Cost Accountant;23/05/2020;;87585
550;Claire Bawle;Business Development;Male;Senior Quality Engineer;19/12/2006;;105331
551;Mari Sturges;Research and Development;Female;Account Executive;22/11/2017;;66279
552;Pepi Ilbert;Support;Female;Database Administrator IV;15/09/2004;;38974
553;Madelaine Glendining;Accounting;Female;Design Engineer;30/07/2010;;33635
554;Byrann Garrals;Marketing;Male;Marketing Manager;07/07/2000;;42593
555;Tab Sayles;Product Management;Male;Clinical Specialist;22/06/2020;;116341
556;Jacklin Quantrell;Support;Female;Statistician I;15/01/2014;;56673
557;Karlan Matitiaho;Marketing;Male;Senior Sales Associate;09/02/2009;;41965
558;Flor Pacht;Research and Development;Female;Information Systems Manager;25/04/2009;;43359
559;Adrianne Sandall;Engineering;Female;Senior Quality Engineer;20/07/2014;;33281
560;Fin Badini;Business Development;Male;Sales Associate;17/12/2019;;97042
561;Felice Coundley;Product Management;Female;GIS Technical Architect;22/02/2019;;89331
562;Lyndy Patsall;Legal;Female;Computer Systems Analyst II;21/05/2010;;43259
563;Lek Battrick;Training;Male;Legal Assistant;10/11/2009;;35818
564;Carr Allanby;Training;Male;Clinical Specialist;01/01/2007;;81145
565;Aubrey Goseling;Marketing;Female;Tax Accountant;17/02/2015;;86864
566;Rubetta Fossey;Engineering;Female;Teacher;14/04/2000;;95577
567;Mariska Hevner;Training;Female;Legal Assistant;19/08/2019;;49838
568;Tucky Hundy;Engineering;Male;Help Desk Operator;26/08/2013;31/05/2021;80979
569;Florette Gallehawk;Services;Female;Environmental Specialist;24/02/2007;;55896
570;Norry Davis;Accounting;Female;Structural Engineer;27/11/2017;;25847
571;Christalle Semrad;Support;Female;Senior Developer;30/06/2018;;109266
572;Nettle Rodge;Business Development;Female;Marketing Assistant;24/08/2012;;98437
573;Katlin Klemencic;Legal;Female;Help Desk Operator;19/02/2020;;109962
574;Kimmy Lydford;Product Management;Female;Senior Quality Engineer;31/10/2014;;104690
575;Chet De Carolis;Business Development;Male;Community Outreach Specialist;18/02/2015;;55030
576;Bridie Musgrave;Support;Female;Structural Analysis Engineer;25/04/2007;31/08/2021;37882
577;Latrina Garforth;Human Resources;Female;General Manager;14/04/2016;;38594
578;Neville Sunman;Accounting;Male;Media Manager III;09/06/2007;;29348
579;Deerdre McCarty;Product Management;Female;Staff Scientist;05/02/2004;;119601
580;Kittie Ginnane;Human Resources;Female;Graphic Designer;21/09/2003;;72510
581;Rufus Musker;Business Development;Male;Software Engineer III;25/05/2017;;30086
582;Kylen Reuven;Training;Female;Tax Accountant;30/08/2007;;74414
583;Matteo Wreight;Training;Male;Speech Pathologist;19/03/2008;;105779
584;Holli St. Quintin;Sales;Female;Business Systems Development Analyst;26/12/2010;;63186
585;Alvina Burchett;Sales;Female;Food Chemist;10/08/2016;;54059
586;Dorelia Levane;Business Development;Female;Programmer Analyst I;25/08/2015;;75232
587;Lidia Sansome;Marketing;Female;GIS Technical Architect;14/12/2009;;73780
588;Halie Bunyard;Training;Female;Analyst Programmer;18/01/2020;;43058
589;Keene Restieaux;Marketing;Male;VP Product Management;08/09/2003;;111621
590;Pincus Gregson;Human Resources;Male;Teacher;07/03/2007;;61250
591;Aloisia Billanie;Engineering;Female;Systems Administrator IV;27/07/2003;;86694
592;Carmela Burke;Sales;Female;Developer II;15/06/2007;;80752
593;Sallyann Orsman;Marketing;Female;Occupational Therapist;18/10/2012;;53813
594;Kerrie Blankenship;Training;Female;Account Executive;10/05/2003;;35752
595;Adel Shannahan;Engineering;Female;Environmental Specialist;08/08/2016;;118427
596;Daisie Belfitt;Accounting;Female;Quality Control Specialist;18/10/2014;;96375
597;Katya Bullent;Support;Female;Mechanical Systems Engineer;30/05/2010;;43877
598;Giuseppe Eke;Training;Male;Web Developer II;27/08/2009;;77559
599;Sawyere Ambrosch;Accounting;Male;Associate Professor;30/08/2020;;70467
600;Nickolas Dionsetti;Business Development;Male;VP Marketing;21/06/2011;;30137
601;Claudio Tregido;Engineering;Male;Analog Circuit Design manager;22/12/2004;;89079
602;Adam Petroff;Research and Development;Male;Account Representative II;13/12/2015;;29598
603;Collin Dessaur;Marketing;Male;Web Designer IV;12/05/2015;;34164
604;Vite McTrustram;Accounting;Male;Teacher;08/10/2011;30/04/2021;99753
605;Wendi Fensome;Engineering;Female;Nuclear Power Engineer;12/11/2009;;41263
606;Glad Crinkley;Research and Development;Female;Systems Administrator IV;16/10/2002;;106849
607;Lizzie Kytley;Support;Female;Physical Therapy Assistant;17/11/2007;;81496
608;Enoch Druhan;Engineering;Male;Chemical Engineer;27/07/2019;;64328
609;Shane Tregenza;Research and Development;Male;Pharmacist;06/09/2014;;102243
610;Reidar Titmus;Human Resources;Male;Account Executive;23/10/2018;;79909
611;Creigh McKinnon;Legal;Male;Junior Executive;30/06/2003;;50919
612;Jody Albrook;Services;Male;Health Coach I;26/11/2014;;116170
613;Paulie Barehead;Human Resources;Female;Senior Quality Engineer;21/04/2005;;119705
614;Curcio Lacrouts;Training;Male;Sales Associate;26/09/2002;;28645
615;Barris Chaster;Human Resources;Male;Dental Hygienist;12/05/2014;;54523
616;Bing Allibon;Product Management;Male;Dental Hygienist;03/07/2018;;50264
617;Cyrus Playfair;Human Resources;Male;Mechanical Systems Engineer;13/01/2020;;38719
618;Ashby Beautyman;Marketing;Male;Marketing Manager;29/09/2003;;54730
619;Alick Keher;Human Resources;Male;Physical Therapy Assistant;11/07/2008;;69207
620;Reinald Jurczak;Engineering;Male;Recruiting Manager;23/08/2016;;53200
621;Raleigh Lanyon;Legal;Male;Geologist III;26/05/2008;28/02/2021;27161
622;Anthia Hanse;Human Resources;Female;Human Resources Manager;23/02/2001;;63444
623;Arnoldo Smeuin;Business Development;Male;Professor;22/09/2005;;107049
624;Tori Mottershead;Legal;Female;Senior Quality Engineer;18/09/2004;;58618
625;Zak Calvey;Training;Male;Staff Accountant I;25/12/2018;;37210
626;Chandra Ropcke;Training;Female;Actuary;11/12/2007;;77077
627;Talbert Crimp;Support;Male;Chief Design Engineer;16/10/2017;;92502
628;Kincaid Garth;Business Development;Male;Human Resources Manager;23/03/2007;;110726
629;Kellyann Cornewall;Product Management;Female;Staff Accountant I;20/08/2008;;57803
630;Sindee Raiker;Research and Development;Female;Speech Pathologist;23/01/2019;;99651
631;Ronni Satcher;Training;Female;Geologist I;02/11/2001;;76195
632;Ernest Sorton;Product Management;Male;Electrical Engineer;17/01/2003;;90826
633;Wat Shrimpton;Training;Male;Software Consultant;08/02/2005;;75893
634;Marrilee Barnicott;Engineering;Female;Senior Sales Associate;04/08/2017;;39024
635;Cyrille Skeel;Legal;Male;Administrative Assistant IV;27/02/2006;;64246
636;Maribel Leggis;Research and Development;Female;VP Sales;14/08/2015;;36663
637;Gene McIlveen;Engineering;Female;Professor;06/10/2019;;55034
638;Corenda Golborn;Product Management;Female;Analog Circuit Design manager;16/07/2014;;115630
639;Ruggiero Blowne;Engineering;Male;Executive Secretary;01/08/2010;;87897
640;Morgen Gores;Research and Development;Male;Geological Engineer;28/06/2010;;62105
641;Cassandra Dugdale;Sales;Female;Help Desk Operator;16/06/2003;;83437
642;Montague Yacob;Research and Development;Male;Marketing Manager;04/06/2003;;41955
643;Myriam Davidai;Engineering;Female;Nuclear Power Engineer;26/11/2009;;116813
644;Carolann Raithmill;Engineering;Female;Web Developer II;24/01/2014;;93719
645;Rory Bettley;Accounting;Male;Dental Hygienist;14/06/2004;;48159
646;Abagail Keppe;Accounting;Female;Executive Secretary;03/11/2011;;110292
647;Porter Birney;Sales;Male;Project Manager;01/06/2001;;25765
648;Whitaker Lammers;Product Management;Male;Account Coordinator;17/01/2002;;30982
649;Joceline Challes;Services;Female;Automation Specialist II;28/07/2019;;52260
650;Whittaker Yepiskopov;Business Development;Male;Desktop Support Technician;24/03/2003;;114623
651;Olympia Gowanlock;Human Resources;Female;Junior Executive;10/11/2011;;46236
652;Edvard Geely;Business Development;Male;Professor;02/04/2014;;56203
653;Ryon Maddicks;Marketing;Male;Pharmacist;20/04/2000;;117015
654;Desi Hartless;Legal;Male;Occupational Therapist;15/02/2009;;114330
655;Jasun Wackly;Product Management;Male;Clinical Specialist;20/01/2018;;59298
656;Carolyne Peckett;Accounting;Female;Media Manager III;26/01/2005;;110651
657;Charlie Pendlenton;Legal;Male;Recruiter;09/11/2009;;42790
658;Stephen Clark;Sales;Male;Statistician II;09/09/2012;31/10/2021;31106
659;Odelinda Overton;Sales;Female;Assistant Media Planner;13/12/2007;;65406
660;Adolpho Kimberley;Accounting;Male;Financial Advisor;25/09/2018;;90489
661;Cooper Bownde;Accounting;Male;Paralegal;28/12/2006;;88345
662;Mikel Josephy;Business Development;Male;Professor;14/02/2008;;116573
663;Blake Higginbottam;Product Management;Female;Mechanical Systems Engineer;24/10/2002;;109998
664;Theresita Simons;Research and Development;Female;Structural Engineer;08/02/2001;;115499
665;Darin Kabisch;Engineering;Male;Nurse Practicioner;03/01/2018;;95229
666;Cammy Piser;Sales;Female;Operator;22/01/2000;;104544
667;Aigneis Ruzic;Marketing;Female;Staff Accountant II;22/08/2005;;30887
668;Stesha Klainman;Business Development;Female;Web Designer I;14/05/2014;;31556
669;Mufi Jerrand;Marketing;Female;Quality Control Specialist;23/07/2014;;114138
670;Hulda Woodsford;Accounting;Female;Account Executive;02/04/2007;;79381
671;Iver Tomlin;Engineering;Male;Director of Sales;19/07/2012;;89595
672;Heidi Schade;Human Resources;Female;Geologist I;27/02/2012;;81340
673;Miltie Curbishley;Services;Male;Clinical Specialist;23/10/2017;;51876
674;Donalt Dutch;Research and Development;Male;Paralegal;06/04/2011;;68941
675;Waneta Belhome;Business Development;Female;Mechanical Systems Engineer;06/02/2001;;43336
676;Manfred Ison;Human Resources;Male;Analog Circuit Design manager;12/06/2006;;65199
677;Amabel Colter;Engineering;Female;Chief Design Engineer;09/06/2018;;26271
678;Hilario Cappineer;Services;Male;Cost Accountant;23/03/2019;30/11/2021;57775
679;Carny Callow;Legal;Male;Professor;20/05/2017;;71936
680;Marlo Addlestone;Marketing;Male;Electrical Engineer;01/07/2007;;61657
681;Erena Bampton;Legal;Female;Business Systems Development Analyst;05/05/2017;;103323
682;Cleavland Jouning;Product Management;Male;Budget/Accounting Analyst III;20/09/2020;;111945
683;Nerissa Dalziel;Human Resources;Female;Accounting Assistant I;16/04/2017;;99694
684;Beauregard Macauley;Legal;Male;Senior Sales Associate;27/10/2013;;94099
685;Jacynth Pegram;Marketing;Female;VP Product Management;26/02/2009;;109070
686;Joli Sogg;Sales;Female;Associate Professor;06/02/2016;;96494
687;Hugo Furman;Human Resources;Male;Software Consultant;29/06/2009;;92272
688;Regan Mewhirter;Product Management;Male;Professor;07/09/2005;;117235
689;Alaster Fortune;Marketing;Male;Tax Accountant;11/11/2017;;35327
690;Jennee Goodlatt;Training;Female;Software Test Engineer II;15/08/2007;;80708
691;Joshia Anderer;Accounting;Male;Professor;04/09/2014;;28034
692;Coop Ondrus;Marketing;Male;VP Marketing;02/03/2013;;83398
693;Ericha Blaxland;Research and Development;Female;Occupational Therapist;28/02/2012;;55758
694;Daffi Moorhouse;Legal;Female;Environmental Specialist;11/09/2003;;77823
695;Blakelee Antoniak;Business Development;Female;Senior Cost Accountant;30/01/2019;31/03/2021;79795
696;Arin Johnsey;Business Development;Male;Recruiter;29/07/2016;;117010
697;Quinton Spiller;Services;Male;Administrative Assistant I;22/02/2002;;30935
698;Jesse Rocco;Human Resources;Male;Paralegal;16/02/2014;;87554
699;Eden Bourthouloume;Accounting;Female;Senior Financial Analyst;21/10/2002;;49805
700;Munmro Foystone;Product Management;Male;Social Worker;10/10/2004;;90706
701;Matty Lomaz;Training;Female;Biostatistician II;01/04/2001;;101986
702;Rey Jandl;Engineering;Female;Technical Writer;15/12/2015;;67072
703;Faith Klausewitz;Sales;Female;Registered Nurse;02/07/2004;;40880
704;Reese Klimushev;Accounting;Male;Dental Hygienist;14/09/2011;;77622
705;Dulcea Tackle;Product Management;Female;VP Quality Control;06/11/2016;;52080
706;Konrad Aarons;Product Management;Male;Account Representative II;05/02/2000;;87324
707;Beryl Gogin;Training;Female;Software Engineer IV;15/02/2017;;69218
708;Mahmoud Clynman;Marketing;Male;Sales Associate;23/05/2018;;68887
709;Correy Jacobs;Engineering;Male;Sales Associate;12/04/2009;;89719
710;Anallise Trenoweth;Engineering;Female;Project Manager;03/12/2001;;63214
711;Antone Borley;Marketing;Male;Budget/Accounting Analyst IV;29/07/2014;;28235
712;Antoinette Challicombe;Services;Female;Legal Assistant;10/02/2017;;33128
713;Wells Stoter;Services;Male;Statistician II;21/12/2013;;51760
714;Lyndsay Peres;Human Resources;Female;Marketing Manager;19/09/2005;;61037
715;Aldous Eddis;Business Development;Male;Senior Sales Associate;16/11/2009;;54702
716;Emilia Boom;Services;Female;Desktop Support Technician;30/01/2008;;45417
717;Bucky Yesenin;Research and Development;Male;Research Assistant II;04/04/2007;;115444
718;Clareta Aldgate;Accounting;Female;Marketing Manager;08/03/2010;;113916
719;Enrichetta Teather;Services;Female;Financial Analyst;23/12/2009;;63684
720;Stern Lucius;Research and Development;Male;Analog Circuit Design manager;10/02/2002;;86426
721;Gloriana Huscroft;Engineering;Female;Human Resources Manager;07/06/2004;;50243
722;Dell Croker;Legal;Male;Paralegal;21/09/2004;;113437
723;Elmer Bollini;Services;Male;Occupational Therapist;06/07/2003;;108357
724;Hildagard Ewles;Services;Female;Staff Scientist;19/09/2005;;118102
725;Wandis Beresford;Research and Development;Female;Dental Hygienist;11/08/2000;;32405
726;Marcelia Toth;Product Management;Female;Database Administrator I;19/07/2016;;113633
727;Alley Duddridge;Human Resources;Male;Geological Engineer;19/01/2020;;59103
728;Xenos Marchington;Engineering;Male;Developer I;28/12/2019;;36595
729;Malvin Blesli;Product Management;Male;Web Designer III;20/07/2008;;91995
730;Fabien Bedford;Support;Male;Electrical Engineer;02/12/2010;;70356
731;Quintus Shemmin;Human Resources;Male;Food Chemist;17/04/2006;;42062
732;Timmy Tollemache;Engineering;Male;Director of Sales;25/07/2007;;44673
733;Bancroft Blackley;Product Management;Male;Structural Analysis Engineer;15/04/2018;;32233
734;Ware Danes;Product Management;Male;Project Manager;16/10/2014;;64831
735;Fielding Vasenin;Research and Development;Male;Assistant Professor;08/02/2007;;59819
736;Vittoria Whyffen;Training;Female;VP Product Management;09/09/2006;;41125
737;Tracee Stillgoe;Research and Development;Female;Assistant Manager;28/01/2009;;29388
738;Aldon Phorsby;Product Management;Male;Safety Technician IV;17/03/2014;;108292
739;Jess Pauluzzi;Training;Male;Chemical Engineer;25/12/2005;;56747
740;Walther Knatt;Business Development;Male;Statistician III;17/03/2001;;33164
741;Bordie Nowell;Accounting;Male;Cost Accountant;09/07/2012;;98898
742;Griffith Fairfoot;Business Development;Male;Design Engineer;04/08/2004;;75434
743;Maddie Moyser;Services;Male;Media Manager II;21/09/2012;;70397
744;Tracy Brawley;Services;Male;Engineer III;14/11/2019;;54390
745;Jyoti Phizackarley;Research and Development;Female;Budget/Accounting Analyst II;20/06/2007;;25678
746;Jeniffer Fossitt;Legal;Female;Assistant Media Planner;03/06/2015;30/09/2021;66485
747;Sallee Anthonies;Support;Female;Computer Systems Analyst II;03/11/2004;;116296
748;Jonas Elleton;Services;Male;Technical Writer;26/04/2003;;42070
749;Joellen McVee;Services;Female;Junior Executive;06/09/2005;;107040
750;Martin Mustoo;Engineering;Male;Chemical Engineer;27/01/2002;;91794
751;Arluene Pring;Human Resources;Female;Safety Technician II;06/02/2005;;26441
752;Magnum Coulman;Legal;Male;Financial Analyst;24/11/2019;;69765
753;Horst Vaun;Services;Male;Marketing Manager;27/01/2004;;46161
754;Abie Warbys;Human Resources;Male;Senior Editor;18/01/2019;;36637
755;Crissie Duckwith;Engineering;Female;Community Outreach Specialist;22/03/2018;;40243
756;Shayne Antunez;Accounting;Male;Help Desk Technician;25/06/2017;;73615
757;Fanchette Linne;Training;Female;Research Nurse;12/02/2002;;89007
758;Ernestus Swindells;Engineering;Male;Research Associate;05/09/2003;;71852
759;Jose Rosengren;Legal;Male;Quality Control Specialist;31/07/2018;;91609
760;Sandro Brookz;Product Management;Male;Senior Sales Associate;23/03/2003;;47694
761;Gris Izkoveski;Product Management;Male;Design Engineer;07/01/2016;;93056
762;Dorine Pickaver;Product Management;Female;Senior Financial Analyst;09/05/2011;;33493
763;Egan Havers;Support;Male;Senior Sales Associate;07/02/2006;;55943
764;Nissa Pennells;Product Management;Female;Assistant Media Planner;22/05/2018;;68766
765;Sue Shirer;Legal;Female;Accounting Assistant II;07/06/2017;;51860
766;Marillin Kasting;Human Resources;Female;Financial Advisor;06/03/2012;;89112
767;Dennis Dumini;Business Development;Male;Accountant II;07/06/2012;;26038
768;Waldemar Rothermel;Support;Male;Web Developer IV;08/02/2007;;105183
769;Randie Oldred;Services;Male;Administrative Assistant II;15/08/2001;;67932
770;Rinaldo Culpan;Engineering;Male;Structural Engineer;18/09/2005;;52370
771;Sandy Disman;Services;Female;Actuary;13/04/2003;;74209
772;Dori Rosoni;Product Management;Female;Tax Accountant;26/10/2002;;113583
773;Martina Rameaux;Services;Female;Financial Analyst;24/04/2007;;42255
774;Mickey Sheer;Marketing;Male;Teacher;26/01/2009;;65421
775;Kimble Paulet;Training;Male;Junior Executive;07/08/2020;;59954
776;Sarge Birrel;Research and Development;Male;Developer III;02/06/2000;;69604
777;Joyann Spleving;Sales;Female;Mechanical Systems Engineer;27/08/2014;;100486
778;Shaughn Aubri;Services;Male;Associate Professor;17/06/2003;;43055
779;Brok Forrestor;Research and Development;Male;Recruiting Manager;22/03/2016;;32240
780;Davidson Knath;Human Resources;Male;Data Coordiator;15/10/2007;;68648
781;Mahalia Benstead;Training;Female;Legal Assistant;09/05/2005;;79270
782;Mack Milley;Product Management;Male;Librarian;23/03/2015;;32318
783;Ted Lunam;Training;Female;Software Test Engineer II;19/09/2008;;31356
784;Ravid Aberkirdo;Human Resources;Male;Tax Accountant;04/06/2017;;60604
785;Maryrose Sedworth;Services;Female;General Manager;19/07/2002;;51657
786;Shayla Monckton;Sales;Female;Quality Control Specialist;17/06/2012;;87920
787;Warren Garvan;Training;Male;Nurse;24/02/2013;;40142
788;Patrica Hebner;Support;Female;Paralegal;11/12/2014;;63018
789;Marcelline Lindermann;Research and Development;Female;Biostatistician IV;30/05/2000;;59596
790;Stanislaus Hinrich;Legal;Male;Junior Executive;20/06/2020;;101296
791;Brynna Bayns;Legal;Female;Marketing Assistant;22/09/2011;;49673
792;Marleen Elfitt;Business Development;Female;Pharmacist;21/07/2000;;63203
793;Anastassia Shah;Services;Female;Staff Scientist;29/12/2013;;28737
794;Kimmie Seville;Training;Female;Research Assistant III;16/11/2006;;77030
795;Debi Hentze;Legal;Female;Nurse Practicioner;24/08/2003;;100141
796;Georgie Habbeshaw;Training;Male;Mechanical Systems Engineer;02/03/2008;;39572
797;Hank Roswarne;Accounting;Male;Systems Administrator III;28/05/2006;;117692
798;Dal Slaight;Human Resources;Male;Senior Developer;05/03/2006;;63889
799;Arnoldo Gaddesby;Marketing;Male;Physical Therapy Assistant;15/01/2011;31/12/2020;66275
800;Marena Swetland;Sales;Female;Analog Circuit Design manager;22/02/2010;31/12/2020;43346
801;Anna-diana Chalker;Legal;Female;VP Sales;08/02/2013;;31737
802;Dore Gudd;Engineering;Female;Senior Quality Engineer;23/01/2008;;87872
803;Abran Meddick;Product Management;Male;Geological Engineer;09/10/2018;;76259
804;Kalina Stilliard;Research and Development;Female;Business Systems Development Analyst;14/08/2012;;109000
805;Jammal Meeking;Marketing;Male;Web Developer I;03/05/2009;;53303
806;Lina Maren;Business Development;Female;Assistant Media Planner;18/01/2005;30/09/2021;108740
807;Ursala Belward;Sales;Female;Social Worker;14/03/2013;;32772
808;Ettore Clyne;Accounting;Male;Technical Writer;22/01/2019;;64313
809;Ninnette Boule;Services;Female;Desktop Support Technician;27/06/2011;;117617
810;Mechelle Laidlaw;Legal;Female;Project Manager;31/10/2007;;25605
811;Ricki Kemmer;Training;Male;VP Product Management;15/07/2015;;53265
812;Andonis Faich;Support;Male;Pharmacist;27/08/2003;;36147
813;Lowrance Dodgshun;Accounting;Male;Mechanical Systems Engineer;31/01/2013;;112004
814;Alvie Deble;Product Management;Male;Civil Engineer;17/10/2005;;119345
815;Loy De Michetti;Business Development;Male;Business Systems Development Analyst;02/10/2019;;114216
816;Gav McGregor;Human Resources;Male;Occupational Therapist;07/09/2016;;28639
817;Lory Lavrinov;Accounting;Female;Safety Technician III;17/10/2005;;62448
818;Carroll Eykel;Legal;Female;Developer I;28/06/2015;;33813
819;Giovanni Crothers;Sales;Male;Civil Engineer;01/11/2016;;85890
820;Agnese McCritchie;Accounting;Female;Programmer Analyst III;11/11/2013;;104807
821;Gaye Maxwale;Services;Female;Operator;15/01/2007;;83363
822;Abby Haddy;Sales;Male;Budget/Accounting Analyst IV;12/01/2002;;53727
823;Cobbie Leneham;Engineering;Male;Teacher;25/07/2015;;44214
824;Emmye Badwick;Accounting;Female;Project Manager;17/02/2016;;115926
825;Natale Sanford;Product Management;Male;Structural Engineer;24/07/2004;;50639
826;Fianna Hablet;Engineering;Female;Information Systems Manager;04/03/2017;;63928
827;Coral Ellar;Sales;Female;Operator;25/02/2006;;35396
828;Erwin Miall;Product Management;Male;Pharmacist;04/02/2015;;84394
829;Anthia Blachford;Sales;Female;Senior Sales Associate;01/01/2011;;51721
830;Ciro Donan;Support;Male;Biostatistician IV;14/07/2000;;89412
831;Gualterio Morin;Sales;Male;Community Outreach Specialist;20/09/2019;;57242
832;Jemie MacNess;Services;Female;Sales Associate;07/05/2012;;58788
833;Marsha Cavolini;Legal;Female;Geologist IV;02/03/2013;31/08/2021;52275
834;Adolphus Barratt;Accounting;Male;General Manager;21/04/2007;;53764
835;Edmund Benitti;Human Resources;Male;Help Desk Technician;04/11/2007;;55608
836;Dulcea Hoyle;Legal;Female;Speech Pathologist;01/10/2010;;112514
837;Alfons Kerss;Services;Male;Project Manager;03/09/2006;;117635
838;Kienan Plank;Business Development;Male;Assistant Professor;19/08/2000;;118344
839;Aubert Fenna;Accounting;Male;Nuclear Power Engineer;04/04/2001;;63597
840;Clyve Lowre;Research and Development;Male;Structural Engineer;29/09/2000;;106811
841;Uri Gladdis;Support;Male;Design Engineer;12/09/2012;;95362
842;Clifford Lidden;Sales;Male;Research Nurse;09/07/2006;31/03/2021;49301
843;Jacob Peacher;Sales;Male;Dental Hygienist;25/01/2008;;88398
844;Bevin Legen;Services;Male;Research Assistant III;30/12/2016;;100036
845;Leanna Grishenkov;Training;Female;General Manager;15/11/2012;;108604
846;Lanae Quogan;Product Management;Female;VP Quality Control;19/12/2007;;100210
847;Darleen Pinwell;Engineering;Female;Assistant Manager;27/04/2003;;49401
848;Norah Hincham;Human Resources;Female;Dental Hygienist;25/09/2011;;112297
849;Sallyanne De Simoni;Sales;Female;Human Resources Manager;27/11/2006;;67693
850;Natalina Bourbon;Marketing;Female;Automation Specialist III;11/06/2018;;31618
851;Darci Farry;Legal;Female;Automation Specialist II;30/12/2014;;50614
852;Vivianne Bogaert;Engineering;Female;Financial Analyst;07/07/2007;;65599
853;Hillyer Shaxby;Training;Male;Budget/Accounting Analyst II;29/11/2017;;28856
854;Roseline Adrienne;Accounting;Female;Analyst Programmer;10/08/2006;;82328
855;Conroy Hadden;Engineering;Male;Junior Executive;03/05/2002;;49099
856;Megen Reddie;Support;Female;Nurse Practicioner;27/03/2010;;92143
857;Randene Olver;Business Development;Female;Operator;14/01/2003;;33828
858;Ewen Wenham;Research and Development;Male;Internal Auditor;05/04/2010;;26304
859;Jo-anne Dennis;Sales;Female;Sales Associate;01/10/2020;;34215
860;Antonella Woolf;Sales;Female;Database Administrator III;04/08/2000;;68852
861;Camey Saddler;Product Management;Male;Legal Assistant;29/05/2012;;97344
862;Reuven Donke;Human Resources;Male;Project Manager;11/08/2002;;99322
863;Yorgos Clink;Marketing;Male;Nurse;10/03/2009;;106379
864;Laurie Bissatt;Services;Male;Human Resources Manager;13/03/2003;;99547
865;Gavra Coyish;Legal;Female;Research Assistant I;29/01/2017;;88998
866;Sonja Wagge;Engineering;Female;Office Assistant I;08/03/2000;;64230
867;Robinet Claricoats;Business Development;Female;Research Assistant I;14/02/2018;;36029
868;Tuesday Callinan;Research and Development;Female;Tax Accountant;20/12/2017;;86673
869;Kermit Lievesley;Sales;Male;Clinical Specialist;29/12/2009;;106398
870;Waly Vanetti;Research and Development;Female;Health Coach III;01/06/2016;;30035
871;Berty Buxey;Marketing;Male;Developer I;01/08/2000;28/02/2021;77820
872;Lind Brittain;Product Management;Male;VP Accounting;09/06/2003;;25388
873;Alf Fenners;Legal;Male;Software Consultant;09/12/2004;;107319
874;Albie Garling;Engineering;Male;VP Accounting;20/10/2010;30/11/2021;108914
875;Denver Coates;Human Resources;Male;Payment Adjustment Coordinator;09/05/2013;;52033
876;Aprilette Cocozza;Accounting;Female;Tax Accountant;06/02/2011;;78973
877;Elset Vyvyan;Research and Development;Female;Financial Analyst;19/08/2014;;60234
878;Erasmus Radford;Research and Development;Male;Legal Assistant;07/05/2005;;63828
879;Sandie Margaret;Accounting;Female;VP Accounting;20/12/2007;;61711
880;Ricoriki Loxston;Marketing;Male;Editor;04/04/2020;;55804
881;Meggi Rollinshaw;Accounting;Female;Analog Circuit Design manager;12/07/2005;;95650
882;Alleyn Omand;Services;Male;Research Nurse;25/04/2019;;116135
883;Zabrina Derrett;Marketing;Female;Community Outreach Specialist;02/08/2013;;77481
884;Roderigo Boutcher;Marketing;Male;Web Designer III;05/05/2001;;34875
885;Ray Strewther;Sales;Male;Civil Engineer;09/03/2013;;86307
886;Hinze Hasard;Accounting;Male;Business Systems Development Analyst;26/07/2005;;72773
887;Christy Highway;Support;Male;VP Quality Control;20/05/2008;;33344
888;Corrianne Housego;Legal;Female;Sales Associate;17/09/2006;;52871
889;Addia Springthorp;Marketing;Female;Speech Pathologist;17/05/2012;;39441
890;Francis Cloney;Engineering;Male;Compensation Analyst;08/09/2009;;107042
891;Reggi Hamon;Legal;Female;Analyst Programmer;04/03/2017;;83178
892;Paul Robyns;Business Development;Male;Desktop Support Technician;16/03/2012;;106405
893;Henriette Bergeon;Research and Development;Female;Assistant Professor;13/11/2008;;100464
894;Dotti Pleuman;Business Development;Female;GIS Technical Architect;24/11/2001;;73319
895;Obadiah Healy;Marketing;Male;Research Associate;05/09/2012;;67038
896;Alisander Frisby;Engineering;Male;Product Engineer;28/10/2005;;41215
897;Georgeanna Chislett;Research and Development;Female;Librarian;25/10/2007;;91424
898;Lorelei Van De Cappelle;Services;Female;Clinical Specialist;15/12/2005;;55527
899;Byrle Cowsby;Sales;Male;Librarian;09/01/2010;;119067
900;Cally Mayoral;Product Management;Female;Design Engineer;05/10/2017;;118145
901;Zacharia Talby;Research and Development;Male;Health Coach IV;19/03/2005;;50122
902;Elke Firebrace;Support;Female;Financial Analyst;24/06/2011;;94574
903;Bennie Pennycook;Human Resources;Female;Accounting Assistant I;11/06/2013;;89418
904;Dode Bewicke;Product Management;Female;Associate Professor;28/09/2009;;51013
905;Aili Knowling;Sales;Female;Software Test Engineer I;14/04/2003;;112480
906;Dianna Meads;Sales;Female;Accountant III;16/10/2009;;52884
907;Merell Jaycox;Human Resources;Male;Professor;03/04/2007;;30932
908;Quincy Rawlinson;Engineering;Male;Database Administrator I;31/10/2000;;34232
909;Shawnee De Biasi;Training;Female;Geologist IV;17/10/2019;;28090
910;Appolonia Wipfler;Engineering;Female;Administrative Officer;29/12/2010;;36656
911;Neron Tatchell;Services;Male;Programmer II;10/07/2017;;94486
912;Geordie Howison;Sales;Male;Staff Scientist;28/09/2007;;91033
913;Graham Vidyapin;Research and Development;Male;Help Desk Technician;17/01/2011;;87497
914;Myrna Binnion;Research and Development;Female;Chemical Engineer;05/05/2017;;105507
915;Tilda Browne;Marketing;Female;Physical Therapy Assistant;20/07/2002;;74543
916;Mirelle Beadham;Legal;Female;Teacher;03/11/2004;30/04/2021;28318
917;Johnathan Bennington;Marketing;Male;Account Executive;14/08/2002;;115144
918;Valencia Iacobucci;Sales;Female;VP Quality Control;12/06/2012;;29237
919;Myles Tilston;Accounting;Male;Civil Engineer;22/11/2017;31/10/2021;115643
920;Rowan Yearnsley;Human Resources;Male;Environmental Tech;25/02/2001;;79082
921;Margery Pynner;Product Management;Female;Environmental Specialist;21/10/2011;;99093
922;Hartwell Ondrusek;Accounting;Male;Technical Writer;05/10/2002;;116639
923;Irena Damrell;Engineering;Female;Staff Scientist;13/11/2014;;113908
924;Bengt McIntee;Sales;Male;Chemical Engineer;27/08/2007;;89749
925;Eveleen Eilles;Marketing;Female;Marketing Assistant;17/08/2002;;108283
926;Shirley Gomar;Business Development;Female;Structural Engineer;12/03/2006;;96232
927;Biron Perone;Business Development;Male;Environmental Specialist;07/04/2010;;82949
928;Ninette Hannaby;Engineering;Female;Design Engineer;13/03/2005;;99781
929;Allyce Thraves;Legal;Female;Food Chemist;29/10/2012;;27780
930;Sumner Greenroa;Accounting;Male;Quality Control Specialist;22/05/2019;;94496
931;Bryant Penylton;Engineering;Male;Web Developer III;03/01/2011;;115731
932;Maudie Rickardsson;Human Resources;Female;Systems Administrator III;10/10/2008;;55316
933;Stanwood Lindl;Human Resources;Male;Account Representative I;12/09/2003;;84441
934;Valaree O'Crevan;Research and Development;Female;Financial Analyst;30/07/2018;;118071
935;Rice Chittim;Services;Male;Administrative Officer;13/07/2005;;31911
936;Gard Eynon;Support;Male;Speech Pathologist;08/08/2004;;107646
937;Clayton Blanpein;Human Resources;Male;Operator;04/08/2009;;65377
938;Loren McGooch;Training;Male;Clinical Specialist;01/08/2006;;60633
939;Benedicta Filasov;Sales;Female;Nuclear Power Engineer;05/02/2006;;55056
940;Tami Gogie;Human Resources;Female;VP Quality Control;25/06/2006;;71856
941;Eugenius Herche;Services;Male;Community Outreach Specialist;17/10/2007;;48164
942;Andy Cullon;Business Development;Male;Human Resources Assistant I;05/05/2009;;109651
943;Derrek Haysey;Sales;Male;Data Coordiator;24/03/2005;;71302
944;Marget O'Leary;Sales;Female;Electrical Engineer;29/11/2008;;70296
945;Lorelei Waterhouse;Sales;Female;Software Engineer II;26/02/2007;;103426
946;Antonetta Hatchette;Marketing;Female;Database Administrator IV;23/09/2002;;112597
947;Basilius Jessel;Accounting;Male;Social Worker;29/01/2010;;110351
948;Stavro Talmadge;Support;Male;Director of Sales;03/06/2009;;33815
949;Rriocard Pawfoot;Marketing;Male;Chief Design Engineer;24/03/2017;;66982
950;Sasha Eastope;Product Management;Male;Dental Hygienist;27/02/2008;;64992
951;Lois Raff;Services;Female;Graphic Designer;06/04/2016;;115346
952;Giorgi Revitt;Research and Development;Male;Assistant Media Planner;05/12/2010;;70364
953;Gannon Walwood;Accounting;Male;Clinical Specialist;26/07/2016;;28262
954;Lucho Carlone;Support;Male;Nuclear Power Engineer;24/07/2014;;31195
955;Konstanze Buzzing;Business Development;Female;Programmer Analyst III;10/05/2005;30/06/2021;51805
956;Caritta Ellerker;Accounting;Female;Senior Editor;10/08/2003;;65741
957;Russ Toplin;Human Resources;Male;Financial Analyst;03/10/2009;;43282
958;Flinn Touson;Accounting;Male;Desktop Support Technician;02/02/2011;;43340
959;Melessa Duffan;Legal;Female;Data Coordiator;26/10/2012;;88534
960;Stuart Vicar;Services;Male;Data Coordiator;31/03/2007;;68091
961;Jan MacCrossan;Accounting;Female;Systems Administrator I;11/08/2003;;83807
962;Wilie Deaton;Accounting;Female;Technical Writer;25/07/2007;;56716
963;Ethe Blondin;Services;Male;Research Nurse;17/07/2003;;62168
964;Agnes Yandle;Legal;Female;Staff Scientist;03/11/2012;;92240
965;Kermie Wagen;Training;Male;Sales Representative;21/10/2002;;76119
966;Thor Bavester;Sales;Male;Research Nurse;18/11/2010;;30701
967;Josi Discombe;Marketing;Female;Financial Analyst;17/11/2017;;64391
968;Tabbatha Kinane;Human Resources;Female;Analog Circuit Design manager;25/06/2008;;42215
969;Alfie O'Currine;Business Development;Female;Graphic Designer;31/10/2002;;89117
970;Ariela Sevin;Engineering;Female;Design Engineer;31/07/2020;;25007
971;Harry Pache;Marketing;Male;Geological Engineer;18/03/2015;;95866
972;Rosina Senchenko;Training;Female;Analog Circuit Design manager;10/05/2005;;45685
973;Tiffany Eagar;Marketing;Female;Clinical Specialist;25/03/2014;;57345
974;Terese Raff;Human Resources;Female;Environmental Specialist;22/11/2000;;63998
975;Erwin Robson;Legal;Male;Research Associate;17/05/2020;;56845
976;Iver Gianettini;Accounting;Male;Environmental Specialist;01/07/2018;;83366
977;Alvie Lazenbury;Accounting;Male;Staff Accountant I;18/05/2019;31/05/2021;62946
978;Myranda Skellern;Product Management;Female;Food Chemist;03/12/2006;;27063
979;Belita Munkton;Services;Female;Engineer I;12/12/2009;;42718
980;Leda Labitt;Human Resources;Female;Financial Advisor;22/05/2013;;50060
981;Toma Van Giffen;Business Development;Female;Structural Analysis Engineer;24/08/2011;;90987
982;Rowen Cargon;Training;Male;Physical Therapy Assistant;17/03/2006;;109092
983;Aloin Bowyer;Support;Male;Payment Adjustment Coordinator;27/05/2010;;87561
984;Drew Uebel;Human Resources;Male;Help Desk Operator;06/09/2011;;87786
985;Drusie Culkin;Engineering;Female;Safety Technician II;11/11/2009;;47580
986;Ferdinande Krolle;Training;Female;Product Engineer;05/05/2001;;45134
987;Aeriela MacQueen;Human Resources;Female;Professor;01/06/2011;;79715
988;Karlens Purchase;Legal;Male;VP Accounting;10/05/2019;;104291
989;Tad Perle;Training;Male;Developer I;16/08/2019;;110011
990;Boy Harrema;Services;Male;Physical Therapy Assistant;15/05/2015;;97852
991;Montgomery Scurrell;Support;Male;Paralegal;01/11/2012;;86804
992;Clari Kerwen;Legal;Female;Help Desk Operator;10/07/2000;;73915
993;Joaquin Muir;Support;Male;Senior Quality Engineer;10/11/2018;;44375
994;Salem Janney;Engineering;Male;Account Executive;23/02/2013;;64781
995;Mickie McCrea;Product Management;Male;Account Representative II;27/11/2016;31/12/2020;81621
996;Karlan Densie;Business Development;Male;Teacher;26/09/2007;;36200
997;Norrie Nolder;Accounting;Male;Statistician IV;11/08/2019;;45393
998;Austin Pringour;Services;Male;Research Assistant IV;13/06/2019;;62458
999;Mame MacIntyre;Training;Female;Sales Representative;06/02/2018;;99692
1000;Conn Elgood;Engineering;Male;Community Outreach Specialist;19/07/2006;;100282