{
  "type": "web_app",
  "params": {
    "webAppSmartId": "DvKC7pM",
    "webAppType": "DASH"
  },
  "owner": "ludo",
  "listed": false,
  "name": "Interactive PivotTable",
  "dashboardCreationId": "rJwdc5F",
  "versionTag": {
    "versionNumber": 0,
    "lastModifiedBy": {
      "login": "ludo"
    },
    "lastModifiedOn": 1616170924540
  },
  "creationTag": {
    "versionNumber": 0,
    "lastModifiedBy": {
      "login": "ludo"
    },
    "lastModifiedOn": 1616170924540
  },
  "tags": [],
  "customFields": {},
  "checklists": {
    "checklists": []
  }
}