{
  "type": "project_activity",
  "params": {
    "projectKey": "HRSTAFFCOSTMODELING"
  },
  "owner": "ludo",
  "listed": false,
  "name": "Activity of HR - Staff Cost Modeling (HRSTAFFCOSTMODELING)",
  "dashboardCreationId": "rJwdc5F",
  "versionTag": {
    "versionNumber": 0,
    "lastModifiedBy": {
      "login": "ludo"
    },
    "lastModifiedOn": 1611407896665
  },
  "creationTag": {
    "versionNumber": 0,
    "lastModifiedBy": {
      "login": "ludo"
    },
    "lastModifiedOn": 1611407896665
  },
  "tags": [],
  "customFields": {},
  "checklists": {
    "checklists": []
  }
}