{
  "type": "scenario_run_button",
  "params": {
    "scenarioSmartId": "REFRESHDASHBOARD"
  },
  "owner": "ludo",
  "listed": false,
  "name": "Run scenario Refresh Dashboard",
  "dashboardCreationId": "rJwdc5F",
  "versionTag": {
    "versionNumber": 0,
    "lastModifiedBy": {
      "login": "ludo"
    },
    "lastModifiedOn": 1611327510539
  },
  "creationTag": {
    "versionNumber": 0,
    "lastModifiedBy": {
      "login": "ludo"
    },
    "lastModifiedOn": 1611327510539
  },
  "tags": [],
  "customFields": {},
  "checklists": {
    "checklists": []
  }
}