{
    "NUM_DERIVATIVE": {
        "shifts": {
            "NUM_DERIVATIVE:log(d3_amound_avg)": -0.18545803471906044, 
            "NUM_DERIVATIVE:sqrt(d3_amound_avg)": 0.3849139575154351, 
            "NUM_DERIVATIVE:d3_amound_avg^2": 0.9981167608286261
        }, 
        "inv_scales": {
            "NUM_DERIVATIVE:log(d3_amound_avg)": 1.2925084485280893, 
            "NUM_DERIVATIVE:sqrt(d3_amound_avg)": 1.9433250379307008, 
            "NUM_DERIVATIVE:d3_amound_avg^2": 0.7359983075783926
        }
    }
}