{
    "per_feature": {
        "d10_quantity_avg": {
            "stats": {
                "std": 116.66115164915625, 
                "p99": 691.1272727272735, 
                "min": 188.1818181818182, 
                "max": 716.4545454545455, 
                "average": 407.55769560006917, 
                "median": 403.6363636363636
            }, 
            "missing_impute_with_value": 407.55769560006917
        }, 
        "m1_quantity_avg": {
            "stats": {
                "std": 80.79850501944368, 
                "p99": 522.3934426229508, 
                "min": 227.91525423728814, 
                "max": 522.3934426229508, 
                "average": 406.4963006517934, 
                "median": 419.0655737704918
            }, 
            "missing_impute_with_value": 406.4963006517934
        }, 
        "transaction_date_dayofweek": {
            "stats": {
                "std": 2.0243656673249255, 
                "p99": 7.0, 
                "min": 1.0, 
                "max": 7.0, 
                "average": 3.992467043314501, 
                "median": 4.0
            }, 
            "missing_impute_with_value": 3.992467043314501
        }, 
        "d3_quantity_avg": {
            "stats": {
                "std": 134.9424162305202, 
                "p99": 786.9000000000001, 
                "min": 153.0, 
                "max": 900.25, 
                "average": 408.3521657250471, 
                "median": 397.0
            }, 
            "missing_impute_with_value": 408.3521657250471
        }, 
        "flag_weekend": {
            "stats": {}
        }, 
        "flag_school": {
            "stats": {}
        }, 
        "transaction_date_daynum": {
            "stats": {
                "std": 8.729671437998919, 
                "p99": 31.0, 
                "min": 1.0, 
                "max": 31.0, 
                "average": 15.542372881355933, 
                "median": 16.0
            }, 
            "missing_impute_with_value": 15.542372881355933
        }, 
        "transaction_date_monthnum": {
            "stats": {
                "std": 3.581184172414327, 
                "p99": 12.0, 
                "min": 1.0, 
                "max": 12.0, 
                "average": 6.581920903954802, 
                "median": 7.0
            }, 
            "missing_impute_with_value": 6.581920903954802
        }, 
        "d3_amound_avg": {
            "stats": {
                "std": 79976.51522717687, 
                "p99": 407812.20000000007, 
                "min": 76810.75, 
                "max": 451991.25, 
                "average": 200739.9143126177, 
                "median": 181525.75
            }, 
            "missing_impute_with_value": 200739.9143126177
        }, 
        "y1_amount_avg": {
            "stats": {
                "std": 62814.14612426443, 
                "p99": 327177.5806451613, 
                "min": 100338.12903225806, 
                "max": 327177.5806451613, 
                "average": 200845.46236023933, 
                "median": 202553.13333333333
            }, 
            "missing_impute_with_value": 200845.46236023933
        }, 
        "transaction_date_year": {
            "stats": {}
        }, 
        "amount": {
            "stats": {}
        }, 
        "transaction_date": {
            "stats": {}
        }, 
        "y1_quantity_avg": {
            "stats": {
                "std": 108.9429077629977, 
                "p99": 584.2333333333333, 
                "min": 229.61290322580646, 
                "max": 584.2333333333333, 
                "average": 439.58019272103246, 
                "median": 452.48387096774195
            }, 
            "missing_impute_with_value": 439.58019272103246
        }, 
        "d10_amount_avg": {
            "stats": {
                "std": 69465.60937729788, 
                "p99": 359373.40909090935, 
                "min": 94295.00000000004, 
                "max": 375776.4545454546, 
                "average": 199487.51215545306, 
                "median": 185032.0454545455
            }, 
            "missing_impute_with_value": 199487.51215545306
        }, 
        "amount_lag2": {
            "stats": {
                "std": 99456.5363297793, 
                "p99": 533214.000000001, 
                "min": 64715.0, 
                "max": 576630.0, 
                "average": 201989.972693032, 
                "median": 175523.0
            }, 
            "missing_impute_with_value": 201989.972693032
        }, 
        "amount_lag3": {
            "stats": {
                "std": 98944.16550736783, 
                "p99": 547984.0000000005, 
                "min": 64715.0, 
                "max": 579744.0, 
                "average": 199855.5790960452, 
                "median": 174790.0
            }, 
            "missing_impute_with_value": 199855.5790960452
        }, 
        "m1_amount_avg": {
            "stats": {
                "std": 48027.49546079734, 
                "p99": 292728.7868852459, 
                "min": 120799.1186440678, 
                "max": 292728.7868852459, 
                "average": 194467.5773482562, 
                "median": 180408.67213114753
            }, 
            "missing_impute_with_value": 194467.5773482562
        }, 
        "amount_lag1": {
            "stats": {
                "std": 100661.44942381755, 
                "p99": 547984.0000000005, 
                "min": 48645.0, 
                "max": 579744.0, 
                "average": 201707.97834274953, 
                "median": 177251.0
            }, 
            "missing_impute_with_value": 201707.97834274953
        }, 
        "flag_bank": {
            "stats": {}
        }, 
        "quantity": {
            "stats": {}
        }
    }, 
    "feature_order": [
        "d10_quantity_avg", 
        "m1_quantity_avg", 
        "transaction_date_dayofweek", 
        "d10_amount_avg", 
        "d3_quantity_avg", 
        "amount_lag2", 
        "flag_school", 
        "transaction_date_daynum", 
        "d3_amound_avg", 
        "y1_amount_avg", 
        "transaction_date_year", 
        "flag_weekend", 
        "amount", 
        "transaction_date", 
        "y1_quantity_avg", 
        "transaction_date_monthnum", 
        "amount_lag3", 
        "m1_amount_avg", 
        "amount_lag1", 
        "flag_bank", 
        "quantity"
    ]
}