[
    {
        "parameters": {
            "reg_alpha": 0.0, 
            "colsample_bytree": 1.0, 
            "colsample_bylevel": 1.0, 
            "learning_rate": 0.2, 
            "max_delta_step": 0.0, 
            "min_child_weight": 0.0, 
            "subsample": 1.0, 
            "reg_lambda": 1.0, 
            "objective": "reg:linear", 
            "max_depth": 3, 
            "gamma": 0.0, 
            "booster": "gbtree"
        }, 
        "score_time": 3, 
        "test_score": 0.739478775720731, 
        "fit_time": 28, 
        "num_samples": 177, 
        "best_iteration": 21, 
        "train_score": 0.8588559936288807, 
        "parameter_id": 0, 
        "time": 31, 
        "done_at": 1591734491284, 
        "grid_point_id": "{\"reg_alpha\": 0.0, \"colsample_bytree\": 1.0, \"colsample_bylevel\": 1.0, \"learning_rate\": 0.2, \"max_delta_step\": 0.0, \"min_child_weight\": 0.0, \"subsample\": 1.0, \"reg_lambda\": 1.0, \"objective\": \"reg:linear\", \"max_depth\": 3, \"gamma\": 0.0, \"booster\": \"gbtree\"}@2"
    }, 
    {
        "parameters": {
            "reg_alpha": 0.0, 
            "colsample_bytree": 1.0, 
            "colsample_bylevel": 1.0, 
            "learning_rate": 0.2, 
            "max_delta_step": 0.0, 
            "min_child_weight": 0.0, 
            "subsample": 1.0, 
            "reg_lambda": 1.0, 
            "objective": "reg:linear", 
            "max_depth": 3, 
            "gamma": 0.0, 
            "booster": "gbtree"
        }, 
        "score_time": 3, 
        "test_score": 0.6961658288523643, 
        "fit_time": 28, 
        "num_samples": 177, 
        "best_iteration": 21, 
        "train_score": 0.876964405215722, 
        "parameter_id": 0, 
        "time": 31, 
        "done_at": 1591734491283, 
        "grid_point_id": "{\"reg_alpha\": 0.0, \"colsample_bytree\": 1.0, \"colsample_bylevel\": 1.0, \"learning_rate\": 0.2, \"max_delta_step\": 0.0, \"min_child_weight\": 0.0, \"subsample\": 1.0, \"reg_lambda\": 1.0, \"objective\": \"reg:linear\", \"max_depth\": 3, \"gamma\": 0.0, \"booster\": \"gbtree\"}@0"
    }, 
    {
        "parameters": {
            "reg_alpha": 0.0, 
            "colsample_bytree": 1.0, 
            "colsample_bylevel": 1.0, 
            "learning_rate": 0.2, 
            "max_delta_step": 0.0, 
            "min_child_weight": 0.0, 
            "subsample": 1.0, 
            "reg_lambda": 1.0, 
            "objective": "reg:linear", 
            "max_depth": 3, 
            "gamma": 0.0, 
            "booster": "gbtree"
        }, 
        "score_time": 3, 
        "test_score": 0.6927023874915498, 
        "fit_time": 27, 
        "num_samples": 177, 
        "best_iteration": 23, 
        "train_score": 0.8785210736489139, 
        "parameter_id": 0, 
        "time": 30, 
        "done_at": 1591734491282, 
        "grid_point_id": "{\"reg_alpha\": 0.0, \"colsample_bytree\": 1.0, \"colsample_bylevel\": 1.0, \"learning_rate\": 0.2, \"max_delta_step\": 0.0, \"min_child_weight\": 0.0, \"subsample\": 1.0, \"reg_lambda\": 1.0, \"objective\": \"reg:linear\", \"max_depth\": 3, \"gamma\": 0.0, \"booster\": \"gbtree\"}@1"
    }
]