{
    "usedGridSearch": true, 
    "gridSize": 1, 
    "rawImportance": {
        "variables": [
            "amount_lag1", 
            "amount_lag2", 
            "amount_lag3", 
            "d10_amount_avg", 
            "d10_quantity_avg", 
            "d3_amound_avg", 
            "d3_quantity_avg", 
            "m1_amount_avg", 
            "m1_quantity_avg", 
            "transaction_date_daynum", 
            "transaction_date_dayofweek", 
            "transaction_date_monthnum", 
            "y1_amount_avg", 
            "y1_quantity_avg", 
            "NUM_DERIVATIVE:d3_amound_avg^2", 
            "NUM_DERIVATIVE:log(d3_amound_avg)"
        ], 
        "importances": [
            0.18666666746139526, 
            0.06666667014360428, 
            0.0533333346247673, 
            0.08666666597127914, 
            0.03333333507180214, 
            0.03999999910593033, 
            0.046666666865348816, 
            0.03333333507180214, 
            0.03999999910593033, 
            0.05999999865889549, 
            0.25333333015441895, 
            0.019999999552965164, 
            0.03333333507180214, 
            0.019999999552965164, 
            0.019999999552965164, 
            0.006666666828095913
        ]
    }, 
    "modelInputNRows": 531, 
    "modelInputNCols": 17, 
    "modelInputMemory": 72216, 
    "gridCells": [
        {
            "scoreTimeStd": 4.336808689942018e-19, 
            "scoreTime": 0.0030000000000000005, 
            "fitTime": 0.02766666666666667, 
            "score": 0.7094489973548816, 
            "params": {
                "reg_alpha": 0.0, 
                "colsample_bytree": 1.0, 
                "colsample_bylevel": 1.0, 
                "learning_rate": 0.2, 
                "max_delta_step": 0.0, 
                "min_child_weight": 0.0, 
                "n_estimators": 22, 
                "subsample": 1.0, 
                "reg_lambda": 1.0, 
                "objective": "reg:linear", 
                "max_depth": 3, 
                "gamma": 0.0, 
                "booster": "gbtree"
            }, 
            "fitTimeStd": 0.00047140452079103207, 
            "scoreStd": 0.021281283608552557
        }
    ], 
    "gridBestScore": 0.7094489973548816, 
    "modelInputIsSparse": false, 
    "nBoostedEstimators": 25
}