{
  "type": "Inline",
  "managed": true,
  "formatType": "json",
  "checklists": {
    "checklists": []
  },
  "checks": [],
  "customMeta": {
    "kv": {}
  },
  "flowOptions": {
    "virtualizable": false,
    "rebuildBehavior": "NORMAL",
    "crossProjectBuildBehavior": "DEFAULT"
  },
  "readWriteOptions": {
    "preserveOrder": false,
    "writeBuckets": 1,
    "forceSingleOutputFile": false,
    "defaultReadOrdering": {
      "enabled": false,
      "rules": []
    }
  },
  "formatParams": {
    "maxExpansionDepth": -1,
    "nestedArraysHandling": "FLATTEN",
    "extractFromSingleElement": false,
    "nestedArraysMaxElements": 100,
    "nestedArraysMaxContentSize": 300000,
    "headerRow": true
  },
  "partitioning": {
    "ignoreNonMatchingFile": false,
    "considerMissingRequestedPartitionsAsEmpty": false,
    "dimensions": []
  },
  "versionTag": {
    "versionNumber": 17,
    "lastModifiedBy": {
      "login": "ludo"
    },
    "lastModifiedOn": 1639145922123
  },
  "creationTag": {
    "versionNumber": 0,
    "lastModifiedBy": {
      "login": "ludo"
    },
    "lastModifiedOn": 1611329054630
  },
  "tags": [],
  "params": {
    "keepTrackOfChanges": true,
    "notReadyIfEmpty": false
  },
  "schema": {
    "columns": [
      {
        "name": "id",
        "type": "bigint"
      },
      {
        "name": "FirstName",
        "type": "string"
      },
      {
        "name": "Department",
        "type": "string"
      },
      {
        "name": "Gender",
        "type": "string"
      },
      {
        "name": "JobTitle",
        "type": "string"
      },
      {
        "name": "StartDate",
        "type": "string"
      },
      {
        "name": "EndDate",
        "type": "string"
      },
      {
        "name": "Salary",
        "type": "bigint"
      }
    ],
    "userModified": true
  },
  "dkuProperties": [],
  "metrics": {
    "probes": [
      {
        "type": "basic",
        "enabled": true,
        "computeOnBuildMode": "PARTITION",
        "meta": {
          "name": "Basic data",
          "level": 0
        },
        "configuration": {}
      },
      {
        "type": "records",
        "enabled": true,
        "computeOnBuildMode": "NO",
        "meta": {
          "name": "Record count",
          "level": 0
        },
        "configuration": {}
      }
    ],
    "engineConfig": {
      "padRunsWithMetrics": false,
      "hive": {
        "active": true,
        "extraConf": []
      },
      "basic": {},
      "dss": {
        "active": true,
        "selection": {
          "useMemTable": false,
          "filter": {
            "distinct": false,
            "enabled": false
          },
          "partitionSelectionMethod": "ALL",
          "latestPartitionsN": 1,
          "ordering": {
            "enabled": false,
            "rules": []
          },
          "samplingMethod": "FULL",
          "maxRecords": -1,
          "targetRatio": 0.02,
          "withinFirstN": -1,
          "maxReadUncompressedBytes": -1
        }
      },
      "sql": {
        "active": true
      },
      "impala": {
        "active": true
      },
      "spark": {
        "active": true,
        "extraConf": []
      },
      "python": {}
    },
    "displayedState": {
      "columns": [],
      "metrics": [
        "basic:COUNT_COLUMNS",
        "records:COUNT_RECORDS"
      ]
    }
  },
  "metricsChecks": {
    "runOnBuild": false,
    "checks": [],
    "displayedState": {
      "checks": []
    }
  },
  "customFields": {
    "gdpr_contains_personal_data": "UNSURE"
  }
}