{
    "NUM_DERIVATIVE": {
        "shifts": {
            "NUM_DERIVATIVE:log(d3_amound_avg)": -0.23447178381258033, 
            "NUM_DERIVATIVE:sqrt(d3_amound_avg)": 0.33128543578019837, 
            "NUM_DERIVATIVE:d3_amound_avg^2": 0.9981167608286242
        }, 
        "inv_scales": {
            "NUM_DERIVATIVE:log(d3_amound_avg)": 1.1930197817264874, 
            "NUM_DERIVATIVE:sqrt(d3_amound_avg)": 1.9584319920511821, 
            "NUM_DERIVATIVE:d3_amound_avg^2": 0.37979285555384273
        }
    }
}