{
    "per_feature": {
        "d10_quantity_avg": {
            "stats": {
                "std": 30.98686482914668, 
                "p99": 161.627272727273, 
                "min": 10.818181818181818, 
                "max": 193.0, 
                "average": 43.07181989385373, 
                "median": 34.36363636363637
            }, 
            "missing_impute_with_value": 43.07181989385373
        }, 
        "m1_quantity_avg": {
            "stats": {
                "std": 22.917849308946657, 
                "p99": 100.32786885245902, 
                "min": 15.71774193548387, 
                "max": 100.32786885245902, 
                "average": 40.22301355014278, 
                "median": 33.556451612903224
            }, 
            "missing_impute_with_value": 40.22301355014278
        }, 
        "transaction_date_dayofweek": {
            "stats": {
                "std": 2.0243656673249255, 
                "p99": 7.0, 
                "min": 1.0, 
                "max": 7.0, 
                "average": 3.992467043314501, 
                "median": 4.0
            }, 
            "missing_impute_with_value": 3.992467043314501
        }, 
        "d3_quantity_avg": {
            "stats": {
                "std": 33.38465976641822, 
                "p99": 163.55000000000007, 
                "min": 8.0, 
                "max": 247.5, 
                "average": 43.203154425612055, 
                "median": 34.5
            }, 
            "missing_impute_with_value": 43.203154425612055
        }, 
        "flag_weekend": {
            "stats": {}
        }, 
        "flag_school": {
            "stats": {}
        }, 
        "transaction_date_daynum": {
            "stats": {
                "std": 8.729671437998919, 
                "p99": 31.0, 
                "min": 1.0, 
                "max": 31.0, 
                "average": 15.542372881355933, 
                "median": 16.0
            }, 
            "missing_impute_with_value": 15.542372881355933
        }, 
        "transaction_date_monthnum": {
            "stats": {
                "std": 3.581184172414327, 
                "p99": 12.0, 
                "min": 1.0, 
                "max": 12.0, 
                "average": 6.581920903954802, 
                "median": 7.0
            }, 
            "missing_impute_with_value": 6.581920903954802
        }, 
        "d3_amound_avg": {
            "stats": {
                "std": 16341.969368575941, 
                "p99": 77495.42500000005, 
                "min": 4370.25, 
                "max": 113798.5, 
                "average": 22323.76906779661, 
                "median": 17537.0
            }, 
            "missing_impute_with_value": 22323.76906779661
        }, 
        "y1_amount_avg": {
            "stats": {
                "std": 6069.117459099087, 
                "p99": 27663.580645161288, 
                "min": 7978.678571428572, 
                "max": 27663.58064516129, 
                "average": 12826.03539809825, 
                "median": 9253.0
            }, 
            "missing_impute_with_value": 12826.03539809825
        }, 
        "transaction_date_year": {
            "stats": {}
        }, 
        "amount": {
            "stats": {}
        }, 
        "transaction_date": {
            "stats": {}
        }, 
        "y1_quantity_avg": {
            "stats": {
                "std": 14.597134073778829, 
                "p99": 70.12903225806451, 
                "min": 18.161290322580644, 
                "max": 70.12903225806451, 
                "average": 28.55620123755712, 
                "median": 22.0
            }, 
            "missing_impute_with_value": 28.55620123755712
        }, 
        "d10_amount_avg": {
            "stats": {
                "std": 14849.647405312151, 
                "p99": 75572.9090909092, 
                "min": 5996.818181818182, 
                "max": 89926.09090909091, 
                "average": 22148.827769217594, 
                "median": 18818.18181818182
            }, 
            "missing_impute_with_value": 22148.827769217594
        }, 
        "amount_lag2": {
            "stats": {
                "std": 19457.145682165363, 
                "p99": 90588.0, 
                "min": 749.0, 
                "max": 146476.0, 
                "average": 22464.12900188324, 
                "median": 16066.0
            }, 
            "missing_impute_with_value": 22464.12900188324
        }, 
        "amount_lag3": {
            "stats": {
                "std": 20184.53210019327, 
                "p99": 96646.50000000003, 
                "min": 749.0, 
                "max": 146476.0, 
                "average": 22389.407721280604, 
                "median": 15834.0
            }, 
            "missing_impute_with_value": 22389.407721280604
        }, 
        "m1_amount_avg": {
            "stats": {
                "std": 10389.140977603072, 
                "p99": 49020.59016393442, 
                "min": 8086.661016949152, 
                "max": 49020.59016393442, 
                "average": 20207.163576853218, 
                "median": 18321.593220338982
            }, 
            "missing_impute_with_value": 20207.163576853218
        }, 
        "amount_lag1": {
            "stats": {
                "std": 19521.841895619662, 
                "p99": 90237.50000000004, 
                "min": 1079.0, 
                "max": 146476.0, 
                "average": 22261.29284369115, 
                "median": 16066.0
            }, 
            "missing_impute_with_value": 22261.29284369115
        }, 
        "flag_bank": {
            "stats": {}
        }, 
        "quantity": {
            "stats": {}
        }
    }, 
    "feature_order": [
        "d10_quantity_avg", 
        "m1_quantity_avg", 
        "transaction_date_dayofweek", 
        "d10_amount_avg", 
        "d3_quantity_avg", 
        "amount_lag2", 
        "flag_school", 
        "transaction_date_daynum", 
        "d3_amound_avg", 
        "y1_amount_avg", 
        "transaction_date_year", 
        "flag_weekend", 
        "amount", 
        "transaction_date", 
        "y1_quantity_avg", 
        "transaction_date_monthnum", 
        "amount_lag3", 
        "m1_amount_avg", 
        "amount_lag1", 
        "flag_bank", 
        "quantity"
    ]
}