[
    {
        "parameters": {
            "reg_alpha": 0.0, 
            "colsample_bytree": 1.0, 
            "colsample_bylevel": 1.0, 
            "learning_rate": 0.2, 
            "max_delta_step": 0.0, 
            "min_child_weight": 0.0, 
            "subsample": 1.0, 
            "reg_lambda": 1.0, 
            "objective": "reg:linear", 
            "max_depth": 3, 
            "gamma": 0.0, 
            "booster": "gbtree"
        }, 
        "score_time": 2, 
        "test_score": 0.7159612557417048, 
        "fit_time": 38, 
        "num_samples": 177, 
        "best_iteration": 40, 
        "train_score": 0.9090468851364083, 
        "parameter_id": 0, 
        "time": 40, 
        "done_at": 1591734501626, 
        "grid_point_id": "{\"reg_alpha\": 0.0, \"colsample_bytree\": 1.0, \"colsample_bylevel\": 1.0, \"learning_rate\": 0.2, \"max_delta_step\": 0.0, \"min_child_weight\": 0.0, \"subsample\": 1.0, \"reg_lambda\": 1.0, \"objective\": \"reg:linear\", \"max_depth\": 3, \"gamma\": 0.0, \"booster\": \"gbtree\"}@2"
    }, 
    {
        "parameters": {
            "reg_alpha": 0.0, 
            "colsample_bytree": 1.0, 
            "colsample_bylevel": 1.0, 
            "learning_rate": 0.2, 
            "max_delta_step": 0.0, 
            "min_child_weight": 0.0, 
            "subsample": 1.0, 
            "reg_lambda": 1.0, 
            "objective": "reg:linear", 
            "max_depth": 3, 
            "gamma": 0.0, 
            "booster": "gbtree"
        }, 
        "score_time": 1, 
        "test_score": 0.6667762393650203, 
        "fit_time": 24, 
        "num_samples": 177, 
        "best_iteration": 17, 
        "train_score": 0.8594272308630783, 
        "parameter_id": 0, 
        "time": 25, 
        "done_at": 1591734501609, 
        "grid_point_id": "{\"reg_alpha\": 0.0, \"colsample_bytree\": 1.0, \"colsample_bylevel\": 1.0, \"learning_rate\": 0.2, \"max_delta_step\": 0.0, \"min_child_weight\": 0.0, \"subsample\": 1.0, \"reg_lambda\": 1.0, \"objective\": \"reg:linear\", \"max_depth\": 3, \"gamma\": 0.0, \"booster\": \"gbtree\"}@0"
    }, 
    {
        "parameters": {
            "reg_alpha": 0.0, 
            "colsample_bytree": 1.0, 
            "colsample_bylevel": 1.0, 
            "learning_rate": 0.2, 
            "max_delta_step": 0.0, 
            "min_child_weight": 0.0, 
            "subsample": 1.0, 
            "reg_lambda": 1.0, 
            "objective": "reg:linear", 
            "max_depth": 3, 
            "gamma": 0.0, 
            "booster": "gbtree"
        }, 
        "score_time": 1, 
        "test_score": 0.5979862609737758, 
        "fit_time": 20, 
        "num_samples": 177, 
        "best_iteration": 13, 
        "train_score": 0.8205949209183949, 
        "parameter_id": 0, 
        "time": 21, 
        "done_at": 1591734501606, 
        "grid_point_id": "{\"reg_alpha\": 0.0, \"colsample_bytree\": 1.0, \"colsample_bylevel\": 1.0, \"learning_rate\": 0.2, \"max_delta_step\": 0.0, \"min_child_weight\": 0.0, \"subsample\": 1.0, \"reg_lambda\": 1.0, \"objective\": \"reg:linear\", \"max_depth\": 3, \"gamma\": 0.0, \"booster\": \"gbtree\"}@1"
    }
]