{
    "usedGridSearch": true, 
    "gridSize": 1, 
    "rawImportance": {
        "variables": [
            "amount_lag1", 
            "amount_lag2", 
            "amount_lag3", 
            "d10_amount_avg", 
            "d10_quantity_avg", 
            "d3_amound_avg", 
            "d3_quantity_avg", 
            "m1_amount_avg", 
            "transaction_date_daynum", 
            "transaction_date_dayofweek", 
            "transaction_date_monthnum", 
            "y1_amount_avg", 
            "NUM_DERIVATIVE:d3_amound_avg^2"
        ], 
        "importances": [
            0.19166666269302368, 
            0.09166666865348816, 
            0.05833333358168602, 
            0.07500000298023224, 
            0.05000000074505806, 
            0.06666667014360428, 
            0.05833333358168602, 
            0.0416666679084301, 
            0.0416666679084301, 
            0.24166665971279144, 
            0.02500000037252903, 
            0.0416666679084301, 
            0.01666666753590107
        ]
    }, 
    "modelInputNRows": 531, 
    "modelInputNCols": 17, 
    "modelInputMemory": 72216, 
    "gridCells": [
        {
            "scoreTimeStd": 0.0004714045207910317, 
            "scoreTime": 0.0013333333333333333, 
            "fitTime": 0.02733333333333333, 
            "score": 0.6602412520268336, 
            "params": {
                "reg_alpha": 0.0, 
                "colsample_bytree": 1.0, 
                "colsample_bylevel": 1.0, 
                "learning_rate": 0.2, 
                "max_delta_step": 0.0, 
                "min_child_weight": 0.0, 
                "n_estimators": 18, 
                "subsample": 1.0, 
                "reg_lambda": 1.0, 
                "objective": "reg:linear", 
                "max_depth": 3, 
                "gamma": 0.0, 
                "booster": "gbtree"
            }, 
            "fitTimeStd": 0.00771722460186015, 
            "scoreStd": 0.04838425633926743
        }
    ], 
    "gridBestScore": 0.6602412520268336, 
    "modelInputIsSparse": false, 
    "nBoostedEstimators": 21
}