{
    "metrics": {
        "rmse": 12538.216016539694, 
        "pearson": 0.8508678417163951, 
        "mae": 8324.940479584853, 
        "r2": 0.7027440356195052, 
        "mape": 0.5925760016400161, 
        "mse": 157206860.87741253, 
        "evs": 0.7029276151680233, 
        "rmsle": 0.5524740089458238
    }, 
    "scatterPlotData": {
        "y": [
            63981.9258, 
            7704.5581, 
            12299.2705, 
            45509.5391, 
            18119.5703, 
            38220.0898, 
            12655.4678, 
            16815.2871, 
            42388.3477, 
            29869.3047, 
            19229.0488, 
            60890.0977, 
            8636.2549, 
            18072.3555, 
            11884.2715, 
            19848.2148, 
            13760.6123, 
            30498.002, 
            53911.418, 
            8939.2871, 
            67176.7188, 
            12115.376, 
            7384.5879, 
            17997.5215, 
            19662.3555, 
            41103.8398, 
            13754.2412, 
            19345.3535, 
            48038.1016, 
            20522.8457, 
            76370.1484, 
            10657.8223, 
            37637.3594, 
            14734.6504, 
            7782.126, 
            17925.8418, 
            31480.0039, 
            39993.6758, 
            57217.5742, 
            22595.9336, 
            24594.3242, 
            7831.958, 
            9134.5781, 
            10295.6006, 
            14673.377, 
            51775.0586, 
            8939.2871, 
            15689.3789, 
            43075.0391, 
            15869.9053, 
            54908.0078, 
            38245.0664, 
            15827.8525, 
            12115.376, 
            23705.209, 
            14444.8721, 
            15617.6826, 
            54230.0, 
            20866.0898, 
            30293.3477, 
            14355.623, 
            7800.5059, 
            7788.0132, 
            16373.5322, 
            35246.3516, 
            15617.6826, 
            17802.8516, 
            14444.8721, 
            28196.584, 
            25686.625, 
            16225.3906, 
            35142.7461, 
            92624.0078, 
            12213.8281, 
            19134.8945, 
            13293.5986, 
            20549.7285, 
            58341.9375, 
            13550.4424, 
            11901.7324, 
            15262.1973, 
            23744.0605, 
            48038.1016, 
            12907.8525, 
            13691.1367, 
            27950.3027, 
            18748.8828, 
            31480.0039, 
            37641.0664, 
            10657.8223, 
            15070.915, 
            17978.6484, 
            19711.9414, 
            17114.6094, 
            7800.5059, 
            15891.8301, 
            7067.7339, 
            32333.041, 
            25374.9238, 
            14141.8398, 
            7465.271, 
            21580.6289, 
            37637.3594, 
            7465.271, 
            8330.6016, 
            12300.7168, 
            8542.0176, 
            14444.8721, 
            28522.5957, 
            9422.0508, 
            37847.5312, 
            7307.021, 
            40124.8828, 
            21580.6289, 
            37027.7656, 
            13760.6123, 
            8091.314, 
            28196.584, 
            18519.75, 
            7384.5879, 
            7831.958, 
            20392.373, 
            22199.9844, 
            12671.7988, 
            9019.5547, 
            15262.1973, 
            23128.6875, 
            21868.2012, 
            8091.314, 
            44224.9766, 
            8999.7197, 
            19662.3555, 
            39696.9961, 
            54760.75, 
            7800.5059, 
            7384.5879, 
            8535.8613
        ], 
        "x": [
            94535.0, 
            9267.0, 
            19898.0, 
            37774.0, 
            17657.0, 
            81559.0, 
            9595.0, 
            37954.0, 
            48066.0, 
            66358.0, 
            32406.0, 
            23107.0, 
            6719.0, 
            18651.0, 
            11506.0, 
            18115.0, 
            11633.0, 
            29782.0, 
            89485.0, 
            8777.0, 
            74316.0, 
            20525.0, 
            8200.0, 
            28525.0, 
            15405.0, 
            22465.0, 
            16901.0, 
            10747.0, 
            63901.0, 
            19984.0, 
            87937.0, 
            8027.0, 
            36602.0, 
            14876.0, 
            4040.0, 
            13868.0, 
            40807.0, 
            32852.0, 
            55174.0, 
            24213.0, 
            24788.0, 
            10753.0, 
            4591.0, 
            4842.0, 
            7245.0, 
            83490.0, 
            7902.0, 
            17055.0, 
            19814.0, 
            24134.0, 
            44060.0, 
            25814.0, 
            7652.0, 
            9049.0, 
            33690.0, 
            23950.0, 
            9649.0, 
            28362.0, 
            14945.0, 
            15416.0, 
            18729.0, 
            8482.0, 
            749.0, 
            40327.0, 
            49503.0, 
            11093.0, 
            16170.0, 
            12253.0, 
            44619.0, 
            8583.0, 
            7621.0, 
            41121.0, 
            146476.0, 
            8205.0, 
            13919.0, 
            16066.0, 
            14174.0, 
            90600.0, 
            15060.0, 
            8457.0, 
            5982.0, 
            21959.0, 
            55926.0, 
            12186.0, 
            14623.0, 
            26041.0, 
            21162.0, 
            30621.0, 
            22698.0, 
            6036.0, 
            11410.0, 
            47384.0, 
            10725.0, 
            6527.0, 
            4660.0, 
            7135.0, 
            8318.0, 
            21829.0, 
            17206.0, 
            10120.0, 
            6302.0, 
            24346.0, 
            30357.0, 
            4687.0, 
            2077.0, 
            2340.0, 
            6334.0, 
            11839.0, 
            39935.0, 
            3080.0, 
            44373.0, 
            12731.0, 
            21285.0, 
            27665.0, 
            36468.0, 
            4671.0, 
            4790.0, 
            20965.0, 
            24133.0, 
            9755.0, 
            5640.0, 
            11990.0, 
            27414.0, 
            5601.0, 
            9607.0, 
            7321.0, 
            10330.0, 
            21391.0, 
            5781.0, 
            40272.0, 
            4655.0, 
            10464.0, 
            59166.0, 
            46084.0, 
            3432.0, 
            4322.0, 
            1763.0
        ]
    }, 
    "processed_feature_names": [
        "amount_lag1", 
        "amount_lag2", 
        "amount_lag3", 
        "d10_amount_avg", 
        "d10_quantity_avg", 
        "d3_amound_avg", 
        "d3_quantity_avg", 
        "m1_amount_avg", 
        "m1_quantity_avg", 
        "transaction_date_daynum", 
        "transaction_date_dayofweek", 
        "transaction_date_monthnum", 
        "y1_amount_avg", 
        "y1_quantity_avg", 
        "NUM_DERIVATIVE:d3_amound_avg^2", 
        "NUM_DERIVATIVE:sqrt(d3_amound_avg)", 
        "NUM_DERIVATIVE:log(d3_amound_avg)"
    ], 
    "regression_performance": {
        "error_distribution": [
            {
                "count": 8, 
                "bin_max": -14487.044531250001, 
                "bin_id": 0, 
                "bin_min": -20133.714182812502
            }, 
            {
                "count": 10, 
                "bin_max": -8896.282500000001, 
                "bin_id": 1, 
                "bin_min": -14487.044531250001
            }, 
            {
                "count": 36, 
                "bin_max": -3305.520468750001, 
                "bin_id": 2, 
                "bin_min": -8896.282500000001
            }, 
            {
                "count": 43, 
                "bin_max": 2285.2415624999994, 
                "bin_id": 3, 
                "bin_min": -3305.520468750001
            }, 
            {
                "count": 16, 
                "bin_max": 7876.00359375, 
                "bin_id": 4, 
                "bin_min": 2285.2415624999994
            }, 
            {
                "count": 10, 
                "bin_max": 13466.765625, 
                "bin_id": 5, 
                "bin_min": 7876.00359375
            }, 
            {
                "count": 3, 
                "bin_max": 19057.52765625, 
                "bin_id": 6, 
                "bin_min": 13466.765625
            }, 
            {
                "count": 3, 
                "bin_max": 24648.2896875, 
                "bin_id": 7, 
                "bin_min": 19057.52765625
            }, 
            {
                "count": 1, 
                "bin_max": 30239.05171875, 
                "bin_id": 8, 
                "bin_min": 24648.2896875
            }, 
            {
                "count": 7, 
                "bin_max": 35829.81375, 
                "bin_id": 9, 
                "bin_min": 30239.05171875
            }
        ], 
        "average_error": 315.1554878535584, 
        "p90_error": 13608.830078125007, 
        "max_error": 35829.81375, 
        "std_error": 11452.234365997507, 
        "min_error": -20077.8065625, 
        "p25_error": -6375.728515625, 
        "p75_error": 3146.7587890625, 
        "median_error": -1917.2548828125, 
        "raw_max_error": 53851.9921875, 
        "raw_min_error": -37783.09765625
    }, 
    "globalMetrics": {
        "predictionAvg": [
            23320.021484375
        ], 
        "predictionStd": [
            16230.955078125
        ], 
        "targetStd": [
            23081.354357132775
        ], 
        "targetAvg": [
            23631.61313868613
        ], 
        "testWeight": 137
    }
}