{
    "computeLearningCurves": false,
    "xgboost_grid": {
        "cpu_tree_method": "auto",
        "seed": 1337,
        "early_stopping_rounds": 4,
        "enable_early_stopping": true,
        "enable_cuda": false,
        "missing": 0.0,
        "nthread": 4,
        "min_child_weight": {
            "gridMode": "EXPLICIT",
            "randomMode": "RANGE",
            "range": {
                "scaling": "LINEAR",
                "max": 1.0,
                "nbValues": 3,
                "min": 0.0
            },
            "limit": {
                "max": null,
                "min": 0.0
            },
            "nValues": 0,
            "values": [
                0.0
            ]
        },
        "objective": {
            "values": {
                "reg_logistic": {
                    "enabled": false
                },
                "reg_linear": {
                    "enabled": true
                },
                "reg_gamma": {
                    "enabled": false
                },
                "multi_softprob": {
                    "enabled": false
                },
                "binary_logistic": {
                    "enabled": false
                }
            }
        },
        "impute_missing": false,
        "colsample_bylevel": {
            "gridMode": "EXPLICIT",
            "randomMode": "RANGE",
            "range": {
                "scaling": "LINEAR",
                "max": 1.0,
                "nbValues": 3,
                "min": 0.5
            },
            "limit": {
                "max": 1.0,
                "min": 1e-23
            },
            "nValues": 0,
            "values": [
                1.0
            ]
        },
        "scale_pos_weight": 1.0,
        "learning_rate": {
            "gridMode": "EXPLICIT",
            "randomMode": "RANGE",
            "range": {
                "scaling": "LINEAR",
                "max": 0.5,
                "nbValues": 3,
                "min": 0.1
            },
            "limit": {
                "max": 1.0,
                "min": 1e-23
            },
            "nValues": 0,
            "values": [
                0.2
            ]
        },
        "max_delta_step": {
            "gridMode": "EXPLICIT",
            "randomMode": "RANGE",
            "range": {
                "scaling": "LINEAR",
                "max": 1.0,
                "nbValues": 3,
                "min": 0.0
            },
            "limit": {
                "max": null,
                "min": 0.0
            },
            "nValues": 0,
            "values": [
                0.0
            ]
        },
        "base_score": 0.5,
        "n_estimators": 300,
        "alpha": {
            "gridMode": "EXPLICIT",
            "randomMode": "RANGE",
            "range": {
                "scaling": "LINEAR",
                "max": 0.1,
                "nbValues": 3,
                "min": 0.0
            },
            "limit": {
                "max": 1.0,
                "min": 0.0
            },
            "nValues": 0,
            "values": [
                0.0
            ]
        },
        "booster": {
            "values": {
                "gbtree": {
                    "enabled": true
                },
                "dart": {
                    "enabled": false
                }
            }
        },
        "colsample_bytree": {
            "gridMode": "EXPLICIT",
            "randomMode": "RANGE",
            "range": {
                "scaling": "LINEAR",
                "max": 1.0,
                "nbValues": 3,
                "min": 0.5
            },
            "limit": {
                "max": 1.0,
                "min": 1e-23
            },
            "nValues": 0,
            "values": [
                1.0
            ]
        },
        "enabled": true,
        "max_depth": {
            "gridMode": "EXPLICIT",
            "randomMode": "RANGE",
            "range": {
                "scaling": "LINEAR",
                "max": 5,
                "nbValues": 3,
                "min": 2
            },
            "limit": {
                "max": null,
                "min": 1
            },
            "nValues": 0,
            "values": [
                3
            ]
        },
        "subsample": {
            "gridMode": "EXPLICIT",
            "randomMode": "RANGE",
            "range": {
                "scaling": "LINEAR",
                "max": 1.0,
                "nbValues": 3,
                "min": 0.5
            },
            "limit": {
                "max": 1.0,
                "min": 1e-23
            },
            "nValues": 0,
            "values": [
                1.0
            ]
        },
        "gpu_tree_method": "gpu_exact",
        "gamma": {
            "gridMode": "EXPLICIT",
            "randomMode": "RANGE",
            "range": {
                "scaling": "LINEAR",
                "max": 1.0,
                "nbValues": 3,
                "min": 0.0
            },
            "limit": {
                "max": null,
                "min": 0.0
            },
            "nValues": 0,
            "values": [
                0.0
            ]
        },
        "lambda": {
            "gridMode": "EXPLICIT",
            "randomMode": "RANGE",
            "range": {
                "scaling": "LINEAR",
                "max": 1.0,
                "nbValues": 3,
                "min": 0.5
            },
            "limit": {
                "max": 1.0,
                "min": 1e-23
            },
            "nValues": 0,
            "values": [
                1.0
            ]
        }
    },
    "algorithm": "XGBOOST_REGRESSION",
    "grid_search_params": {
        "nIter": 0,
        "nJobs": 4,
        "strategy": "GRID",
        "randomized": true,
        "shuffleIterations": 1,
        "mode": "KFOLD",
        "timeout": 0,
        "splitRatio": 0.8,
        "nFolds": 3,
        "stratified": true,
        "cvSeed": 1337
    },
    "autoOptimizeThreshold": true,
    "gridLength": 1,
    "metrics": {
        "customEvaluationMetricNeedsProba": false,
        "evaluationMetric": "R2",
        "liftPoint": 0.4,
        "customEvaluationMetricGIB": true,
        "costMatrixWeights": {
            "fnGain": 0.0,
            "tpGain": 1.0,
            "tnGain": 0.0,
            "fpGain": -0.3
        }
    },
    "forcedClassifierThreshold": 0.0,
    "skipExpensiveReports": false,
    "max_ensemble_nodes_serialized": 0,
    "pluginAlgoCustomGridSearch": false
}