{
  "type": "DASH",
  "hasLegacyBackendURL": false,
  "params": {
    "autoStartBackend": false,
    "envSelection": {
      "envMode": "EXPLICIT_ENV",
      "envName": "DataViz-Dash"
    },
    "nbProcesses": 1,
    "serveLocally": true,
    "infra": {
      "containerSelection": {
        "containerMode": "INHERIT"
      },
      "overrideGlobalK8sExposition": false,
      "exposition": {
        "type": "local_process",
        "params": {}
      },
      "scaling": {
        "initialReplicas": 1,
        "hpa": false,
        "hpaTargetCPUPercent": 0,
        "hpaMetrics": [],
        "hpaMinPods": 0,
        "hpaMaxPods": 0,
        "hpaAnnotations": []
      },
      "deploymentModifier": {}
    },
    "forceAuthentication": false
  },
  "config": {},
  "name": "Interactive PivotTable",
  "versionTag": {
    "versionNumber": 10,
    "lastModifiedBy": {
      "login": "mlegelard"
    },
    "lastModifiedOn": 1621348236719
  },
  "creationTag": {
    "versionNumber": 0,
    "lastModifiedBy": {
      "login": "ludo"
    },
    "lastModifiedOn": 1615968604057
  },
  "tags": [],
  "checklists": {
    "checklists": []
  },
  "customFields": {},
  "isVirtual": false
}