{
  "pages": [
    {
      "id": "GDruY91",
      "grid": {
        "tiles": [
          {
            "tileType": "INSIGHT",
            "box": {
              "top": 0,
              "left": 2,
              "width": 2,
              "height": 2
            },
            "clickAction": "OPEN_INSIGHT",
            "tileParams": {
              "displayMode": "LAST_VALUE"
            },
            "autoLoad": true,
            "showTitle": "YES",
            "title": "Global Prediction",
            "borderColor": "#dedcdc",
            "insightId": "bUImIrq",
            "insightType": "metrics",
            "displayMode": "INSIGHT",
            "resizeImageMode": "FIT_SIZE"
          },
          {
            "tileType": "INSIGHT",
            "box": {
              "top": 0,
              "left": 4,
              "width": 5,
              "height": 2
            },
            "clickAction": "DO_NOTHING",
            "tileParams": {
              "showName": true,
              "showDescription": true,
              "showCustomFields": true,
              "showStorageType": false,
              "showMeaning": false,
              "showProgressBar": false
            },
            "autoLoad": true,
            "showTitle": "YES",
            "borderColor": "#dbd7d7",
            "insightId": "1OZvKgv",
            "insightType": "dataset_table",
            "displayMode": "INSIGHT",
            "resizeImageMode": "FIT_SIZE"
          },
          {
            "tileType": "INSIGHT",
            "box": {
              "top": 0,
              "left": 0,
              "width": 2,
              "height": 2
            },
            "clickAction": "DO_NOTHING",
            "tileParams": {
              "showLastRun": false
            },
            "autoLoad": true,
            "showTitle": "YES",
            "insightId": "0v3drDl",
            "insightType": "scenario_run_button",
            "displayMode": "INSIGHT",
            "resizeImageMode": "FIT_SIZE"
          },
          {
            "tileType": "INSIGHT",
            "box": {
              "top": 2,
              "left": 0,
              "width": 12,
              "height": 8
            },
            "clickAction": "OPEN_INSIGHT",
            "tileParams": {
              "showXAxis": true,
              "showYAxis": true,
              "showLegend": false,
              "showTooltips": true,
              "autoPlayAnimation": true
            },
            "autoLoad": true,
            "showTitle": "YES",
            "title": "Amount Forecasting - by Entity",
            "borderColor": "#d9d4d4",
            "insightId": "K2GbtYt",
            "insightType": "chart",
            "displayMode": "INSIGHT",
            "resizeImageMode": "FIT_SIZE"
          }
        ]
      },
      "title": "End Results",
      "showTitle": true,
      "backgroundColor": "#ffffff"
    },
    {
      "id": "BWGPmz7",
      "grid": {
        "tiles": [
          {
            "tileType": "INSIGHT",
            "box": {
              "top": 0,
              "left": 0,
              "width": 6,
              "height": 4
            },
            "clickAction": "OPEN_INSIGHT",
            "tileParams": {
              "showXAxis": true,
              "showYAxis": true,
              "showLegend": false,
              "showTooltips": true,
              "autoPlayAnimation": true
            },
            "autoLoad": true,
            "showTitle": "YES",
            "borderColor": "#d6d6d6",
            "insightId": "lV3FwMG",
            "insightType": "chart",
            "displayMode": "INSIGHT",
            "resizeImageMode": "FIT_SIZE"
          },
          {
            "tileType": "INSIGHT",
            "box": {
              "top": 0,
              "left": 6,
              "width": 6,
              "height": 4
            },
            "clickAction": "DO_NOTHING",
            "tileParams": {},
            "autoLoad": true,
            "showTitle": "YES",
            "borderColor": "#dedcdc",
            "insightId": "amount_decomposition",
            "insightType": "static_file",
            "displayMode": "INSIGHT",
            "resizeImageMode": "FIT_SIZE"
          },
          {
            "tileType": "INSIGHT",
            "box": {
              "top": 4,
              "left": 0,
              "width": 12,
              "height": 5
            },
            "clickAction": "OPEN_INSIGHT",
            "tileParams": {},
            "autoLoad": true,
            "showTitle": "YES",
            "borderColor": "#e3e3e3",
            "insightId": "YPTiZoo",
            "insightType": "eda",
            "displayMode": "INSIGHT",
            "resizeImageMode": "FIT_SIZE"
          }
        ]
      },
      "title": "Data Analysis",
      "showTitle": true,
      "backgroundColor": "#ffffff"
    },
    {
      "id": "w0WLNcV",
      "grid": {
        "tiles": [
          {
            "tileType": "INSIGHT",
            "box": {
              "top": 0,
              "left": 0,
              "width": 6,
              "height": 6
            },
            "clickAction": "DO_NOTHING",
            "tileParams": {
              "displayMode": "r_scatter",
              "advancedOptions": {
                "interactiveScoring": {
                  "featuresOrder": [
                    "transaction_date_monthnum",
                    "transaction_date_daynum",
                    "transaction_date_dayofweek",
                    "d3_amound_avg",
                    "amount_lag1",
                    "amount_lag2",
                    "amount_lag3",
                    "d3_quantity_avg",
                    "d10_amount_avg",
                    "d10_quantity_avg",
                    "m1_amount_avg",
                    "m1_quantity_avg",
                    "y1_amount_avg",
                    "y1_quantity_avg"
                  ]
                }
              }
            },
            "autoLoad": true,
            "showTitle": "YES",
            "borderColor": "#dedcdc",
            "insightId": "UaUCToO",
            "insightType": "saved-model_report",
            "displayMode": "INSIGHT",
            "resizeImageMode": "FIT_SIZE"
          },
          {
            "tileType": "INSIGHT",
            "box": {
              "top": 0,
              "left": 6,
              "width": 6,
              "height": 6
            },
            "clickAction": "OPEN_INSIGHT",
            "tileParams": {
              "showXAxis": true,
              "showYAxis": true,
              "showLegend": false,
              "showTooltips": true,
              "autoPlayAnimation": true
            },
            "autoLoad": true,
            "showTitle": "YES",
            "title": "Amount Forecasting - by Entity",
            "borderColor": "#d9d4d4",
            "insightId": "vsiFPu8",
            "insightType": "chart",
            "displayMode": "INSIGHT",
            "resizeImageMode": "FIT_SIZE"
          }
        ]
      },
      "title": "Model and Peformance analysis",
      "showTitle": true,
      "backgroundColor": "#ffffff"
    }
  ],
  "owner": "ludo",
  "listed": true,
  "name": "Sales Forecasting Dashboard",
  "showGrid": true,
  "versionTag": {
    "versionNumber": 85,
    "lastModifiedBy": {
      "login": "ludo"
    },
    "lastModifiedOn": 1632326269700
  },
  "creationTag": {
    "versionNumber": 0,
    "lastModifiedBy": {
      "login": "ludo"
    },
    "lastModifiedOn": 1591652307203
  },
  "tags": [],
  "customFields": {},
  "checklists": {
    "checklists": []
  }
}