{
  "params": {
    "ttPolicy": "SPLIT_SINGLE_DATASET",
    "ssdSplitMode": "RANDOM",
    "splitBeforePrepare": true,
    "ssdSelection": {
      "useMemTable": false,
      "filter": {
        "distinct": false,
        "enabled": false
      },
      "partitionSelectionMethod": "SELECTED",
      "selectedPartitions": [
        "M03"
      ],
      "latestPartitionsN": 1,
      "ordering": {
        "enabled": false,
        "rules": []
      },
      "samplingMethod": "HEAD_SEQUENTIAL",
      "maxRecords": 100000,
      "targetRatio": 0.02,
      "withinFirstN": -1,
      "maxReadUncompressedBytes": -1
    },
    "ssdTrainingRatio": 0.8,
    "ssdSeed": 1337,
    "testOnLargerValues": true,
    "kfold": false,
    "nFolds": 5,
    "instanceIdRefresher": 0,
    "subSamplingSeed": 1337
  },
  "generationDate": 1591734117605,
  "policyId": "type\u003dSPLIT_SINGLE_DATASET,split\u003dRANDOM,splitBeforePrepare\u003dtrue,ds\u003dStore_Sales_train,sel\u003d(method\u003dhead-s,records\u003d100000,parts\u003dM03),r\u003d0.8,s\u003d1337",
  "instanceId": "d6e0375fb01114544f76f189199e45d1-0-part-M03",
  "format": "csv1",
  "schema": {
    "columns": [
      {"name":"transaction_date","type":"date"},
      {"name":"flag_bank","type":"boolean"},
      {"name":"flag_school","type":"boolean"},
      {"name":"flag_weekend","type":"boolean"},
      {"name":"transaction_date_year","type":"bigint"},
      {"name":"transaction_date_monthnum","type":"bigint"},
      {"name":"transaction_date_daynum","type":"bigint"},
      {"name":"transaction_date_dayofweek","type":"bigint"},
      {"name":"amount","type":"double"},
      {"name":"quantity","type":"double"},
      {"name":"d3_amound_avg","type":"double"},
      {"name":"amount_lag1","type":"double"},
      {"name":"amount_lag2","type":"double"},
      {"name":"amount_lag3","type":"double"},
      {"name":"d3_quantity_avg","type":"double"},
      {"name":"d10_amount_avg","type":"double"},
      {"name":"d10_quantity_avg","type":"double"},
      {"name":"m1_amount_avg","type":"double"},
      {"name":"m1_quantity_avg","type":"double"},
      {"name":"y1_amount_avg","type":"double"},
      {"name":"y1_quantity_avg","type":"double"}
    ],
    "userModified": false
  },
  "trainPath": "train.csv.gz",
  "testPath": "test.csv.gz",
  "trainRows": 531,
  "testRows": 137,
  "fullRows": 0
}