{
  "type": "CustomCode_timeseries-preparation-resampling",
  "neverRecomputeExistingPartitions": false,
  "optionalDependencies": false,
  "params": {
    "customConfig": {
      "time_step": 1,
      "time_unit": "days",
      "interpolation_method": "linear",
      "extrapolation_method": "clip",
      "clip_start": 0,
      "clip_end": 0,
      "shift": 0,
      "advanced_activated": true,
      "datetime_column": "transaction_date",
      "groupby_column": "entity"
    },
    "containerSelection": {
      "containerMode": "INHERIT"
    }
  },
  "customMeta": {
    "kv": {}
  },
  "redispatchPartitioning": false,
  "maxRunningActivities": 0,
  "inputs": {
    "input_dataset": {
      "items": [
        {
          "ref": "Store_Sales_prepared",
          "deps": []
        }
      ]
    }
  },
  "outputs": {
    "output_dataset": {
      "items": [
        {
          "ref": "Store_Sales_per_day",
          "appendMode": false
        }
      ]
    }
  },
  "versionTag": {
    "versionNumber": 4,
    "lastModifiedBy": {
      "login": "ludo"
    },
    "lastModifiedOn": 1591769714470
  },
  "creationTag": {
    "versionNumber": 0,
    "lastModifiedBy": {
      "login": "ludo"
    },
    "lastModifiedOn": 1591653359383
  },
  "tags": [
    "data preparation"
  ],
  "customFields": {},
  "checklists": {
    "checklists": []
  }
}