{
  "type": "shaker",
  "neverRecomputeExistingPartitions": false,
  "optionalDependencies": false,
  "params": {
    "engineParams": {
      "spark": {
        "readParams": {
          "mode": "AUTO",
          "autoModeRepartitionInto": 10,
          "map": {
            "Store_Sales_forecast_scored": {
              "repartition": 10
            }
          }
        },
        "useGlobalMetastore": false,
        "useNativeProcessors": true,
        "sparkConfig": {
          "inheritConf": "default",
          "conf": []
        },
        "executionEngine": "SPARK_SUBMIT",
        "pipelineAllowStart": true,
        "pipelineAllowMerge": true,
        "skipPrerunValidate": false
      },
      "hive": {
        "inheritConf": "default",
        "hiveconf": [],
        "executionEngine": "HIVECLI_LOCAL",
        "addDkuUdf": false,
        "skipPrerunValidate": false
      },
      "impala": {
        "forceStreamMode": true
      },
      "hadoopConfigKeys": [],
      "sqlPipelineParams": {
        "pipelineAllowStart": true,
        "pipelineAllowMerge": true
      },
      "maxThreads": 8
    }
  },
  "customMeta": {
    "kv": {}
  },
  "redispatchPartitioning": false,
  "maxRunningActivities": 0,
  "inputs": {
    "main": {
      "items": [
        {
          "ref": "Store_Sales_forecast_scored",
          "deps": [
            {
              "out": "Store_Sales_forecast_results",
              "idim": "entity",
              "odim": "entity",
              "func": "equals",
              "params": {}
            }
          ]
        }
      ]
    }
  },
  "outputs": {
    "main": {
      "items": [
        {
          "ref": "Store_Sales_forecast_results",
          "appendMode": false
        }
      ]
    }
  },
  "versionTag": {
    "versionNumber": 7,
    "lastModifiedBy": {
      "login": "ludo"
    },
    "lastModifiedOn": 1591823674238
  },
  "creationTag": {
    "versionNumber": 0,
    "lastModifiedBy": {
      "login": "ludo"
    },
    "lastModifiedOn": 1591819406147
  },
  "tags": [
    "information delivery"
  ],
  "customFields": {},
  "checklists": {
    "checklists": []
  }
}