{
  "type": "CustomCode_timeseries-forecast-2-predict",
  "neverRecomputeExistingPartitions": false,
  "optionalDependencies": false,
  "params": {
    "customConfig": {
      "model_selection_mode": "auto",
      "performance_metric": "MASE",
      "prediction_length": -1,
      "confidence_interval": 95,
      "include_history": true,
      "sampling_method": "last_records",
      "number_records": 10000
    },
    "containerSelection": {
      "containerMode": "INHERIT"
    }
  },
  "customMeta": {
    "kv": {}
  },
  "redispatchPartitioning": false,
  "maxRunningActivities": 0,
  "variables": {},
  "dkuProperties": [],
  "inputs": {
    "model_folder": {
      "items": [
        {
          "ref": "yHZs4hIE",
          "deps": [
            {
              "out": "Forecast_results",
              "idim": "entity",
              "odim": "entity",
              "func": "equals",
              "params": {},
              "expandVariables": false
            }
          ]
        }
      ]
    }
  },
  "outputs": {
    "output_dataset": {
      "items": [
        {
          "ref": "Forecast_results",
          "appendMode": false
        }
      ]
    }
  },
  "labels": [],
  "versionTag": {
    "versionNumber": 3,
    "lastModifiedBy": {
      "login": "lblusseau"
    },
    "lastModifiedOn": 1633011082502
  },
  "creationTag": {
    "versionNumber": 0,
    "lastModifiedBy": {
      "login": "ludo"
    },
    "lastModifiedOn": 1632325732131
  },
  "tags": [
    "forecasting process"
  ],
  "customFields": {},
  "checklists": {
    "checklists": []
  }
}