{
  "type": "grouping",
  "neverRecomputeExistingPartitions": false,
  "optionalDependencies": false,
  "customMeta": {
    "kv": {}
  },
  "redispatchPartitioning": false,
  "maxRunningActivities": 0,
  "inputs": {
    "main": {
      "items": [
        {
          "ref": "Store_Sales_per_day",
          "deps": []
        }
      ]
    }
  },
  "outputs": {
    "main": {
      "items": [
        {
          "ref": "Store_Sales_date_forecast",
          "appendMode": false
        }
      ]
    }
  },
  "versionTag": {
    "versionNumber": 2,
    "lastModifiedBy": {
      "login": "ludo"
    },
    "lastModifiedOn": 1591769714477
  },
  "creationTag": {
    "versionNumber": 0,
    "lastModifiedBy": {
      "login": "ludo"
    },
    "lastModifiedOn": 1591735756540
  },
  "tags": [
    "data preparation"
  ],
  "customFields": {},
  "checklists": {
    "checklists": []
  }
}