{
  "type": "prediction_scoring",
  "neverRecomputeExistingPartitions": false,
  "optionalDependencies": false,
  "params": {
    "containerSelection": {
      "containerMode": "INHERIT"
    }
  },
  "customMeta": {
    "kv": {}
  },
  "redispatchPartitioning": false,
  "maxRunningActivities": 0,
  "inputs": {
    "model": {
      "items": [
        {
          "ref": "DGIgt6tb",
          "deps": [
            {
              "out": "Store_Sales_forecast_scored",
              "idim": "entity",
              "odim": "entity",
              "func": "equals",
              "params": {}
            }
          ]
        }
      ]
    },
    "main": {
      "items": [
        {
          "ref": "Store_Sales_forecast",
          "deps": [
            {
              "out": "Store_Sales_forecast_scored",
              "idim": "entity",
              "odim": "entity",
              "func": "equals",
              "params": {}
            }
          ]
        }
      ]
    }
  },
  "outputs": {
    "main": {
      "items": [
        {
          "ref": "Store_Sales_forecast_scored",
          "appendMode": false
        }
      ]
    }
  },
  "versionTag": {
    "versionNumber": 2,
    "lastModifiedBy": {
      "login": "ludo"
    },
    "lastModifiedOn": 1591769897079
  },
  "creationTag": {
    "versionNumber": 0,
    "lastModifiedBy": {
      "login": "ludo"
    },
    "lastModifiedOn": 1591736941335
  },
  "tags": [
    "Machine Learning"
  ],
  "customFields": {},
  "checklists": {
    "checklists": []
  }
}