{
  "type": "split",
  "neverRecomputeExistingPartitions": false,
  "optionalDependencies": false,
  "customMeta": {
    "kv": {}
  },
  "redispatchPartitioning": false,
  "maxRunningActivities": 0,
  "inputs": {
    "main": {
      "items": [
        {
          "ref": "Store_Sales_windows_features_part",
          "deps": [
            {
              "out": "Store_Sales_train",
              "idim": "entity",
              "odim": "entity",
              "func": "equals",
              "params": {}
            }
          ]
        }
      ]
    }
  },
  "outputs": {
    "main": {
      "items": [
        {
          "ref": "Store_Sales_train",
          "appendMode": false
        },
        {
          "ref": "Store_Sales_test",
          "appendMode": false
        },
        {
          "ref": "Store_Sales_forecast",
          "appendMode": false
        }
      ]
    }
  },
  "versionTag": {
    "versionNumber": 12,
    "lastModifiedBy": {
      "login": "ludo"
    },
    "lastModifiedOn": 1591769897082
  },
  "creationTag": {
    "versionNumber": 0,
    "lastModifiedBy": {
      "login": "ludo"
    },
    "lastModifiedOn": 1591713864809
  },
  "tags": [
    "Machine Learning"
  ],
  "customFields": {},
  "checklists": {
    "checklists": []
  }
}