{
  "type": "prediction_training",
  "neverRecomputeExistingPartitions": false,
  "optionalDependencies": false,
  "params": {
    "containerSelection": {
      "containerMode": "INHERIT"
    }
  },
  "customMeta": {
    "kv": {}
  },
  "redispatchPartitioning": false,
  "maxRunningActivities": 0,
  "inputs": {
    "main": {
      "items": [
        {
          "ref": "Store_Sales_train",
          "deps": [
            {
              "out": "DGIgt6tb",
              "idim": "entity",
              "odim": "entity",
              "func": "equals",
              "params": {}
            }
          ]
        }
      ]
    }
  },
  "outputs": {
    "main": {
      "items": [
        {
          "ref": "DGIgt6tb",
          "appendMode": false
        }
      ]
    }
  },
  "versionTag": {
    "versionNumber": 1,
    "lastModifiedBy": {
      "login": "ludo"
    },
    "lastModifiedOn": 1591769897092
  },
  "creationTag": {
    "versionNumber": 0,
    "lastModifiedBy": {
      "login": "ludo"
    },
    "lastModifiedOn": 1591734682565
  },
  "tags": [
    "Machine Learning"
  ],
  "customFields": {},
  "checklists": {
    "checklists": []
  }
}