{
  "script": {
    "steps": [],
    "maxProcessedMemTableBytes": -1,
    "columnsSelection": {
      "mode": "ALL"
    },
    "columnWidthsByName": {
      "transaction_date": 183,
      "flag_bank": 100,
      "flag_school": 100,
      "flag_weekend": 105,
      "transaction_date_year": 173,
      "transaction_date_monthnum": 203,
      "transaction_date_daynum": 188,
      "transaction_date_dayofweek": 210,
      "amount": 106,
      "quantity": 100,
      "d3_amound_avg": 141,
      "amount_lag1": 106,
      "amount_lag2": 106,
      "amount_lag3": 106,
      "d3_quantity_avg": 128,
      "d10_amount_avg": 148,
      "d10_quantity_avg": 162,
      "m1_amount_avg": 141,
      "m1_quantity_avg": 155,
      "y1_amount_avg": 141,
      "y1_quantity_avg": 155
    },
    "coloring": {
      "scheme": "MEANING_AND_STATUS",
      "individualColumns": [],
      "valueColoringMode": "HASH"
    },
    "sorting": [],
    "analysisColumnData": {},
    "explorationSampling": {
      "selection": {
        "maxStoredBytes": 104857600,
        "filter": {
          "distinct": false,
          "enabled": false
        },
        "partitionSelectionMethod": "ALL",
        "latestPartitionsN": 1,
        "ordering": {
          "enabled": false,
          "rules": []
        },
        "samplingMethod": "HEAD_SEQUENTIAL",
        "maxRecords": 10000,
        "targetRatio": 0.02,
        "withinFirstN": -1,
        "maxReadUncompressedBytes": -1
      },
      "autoRefreshSample": false,
      "_refreshTrigger": 0
    },
    "vizSampling": {
      "autoRefreshSample": false,
      "_refreshTrigger": 0
    },
    "exploreUIParams": {
      "autoRefresh": true
    },
    "globalSearchQuery": "",
    "explorationFilters": [
      {
        "column": "amount",
        "type": "columnFilter",
        "currentMode": "FACET",
        "active": true,
        "facet": {
          "type": "facet",
          "column": "amount",
          "columnType": "NUMERICAL",
          "currentMode": "NUMERICAL",
          "sort": "count",
          "selectedValues": {}
        },
        "alphanumFilter": {
          "type": "alphanum",
          "column": "amount",
          "values": [],
          "params": {
            "mode": "full_string",
            "normalization": "exact"
          }
        },
        "validityFilter": {
          "type": "validity",
          "column": "amount",
          "params": {
            "type": "DoubleMeaning",
            "ok": false,
            "nok": false,
            "empty": true
          }
        }
      }
    ],
    "previewMode": "ALL_ROWS"
  },
  "charts": []
}